,K,alpha,k,accuracy,precision,recall,n
0,5.0,20.0,1.0,0.05,0.005,0.1,100.0
1,5.0,20.0,2.0,0.05,0.005,0.1,100.0
2,5.0,20.0,3.0,0.05,0.005,0.1,100.0
3,5.0,20.0,4.0,0.05,0.005,0.1,100.0
4,5.0,20.0,5.0,0.05,0.005,0.1,100.0
5,5.0,20.0,6.0,0.05,0.005,0.1,100.0
6,5.0,20.0,7.0,0.05,0.005,0.1,100.0
7,5.0,20.0,8.0,0.05,0.005,0.1,100.0
8,5.0,20.0,9.0,0.1,0.01,0.1,100.0
9,5.0,20.0,10.0,0.05,0.005,0.1,100.0
10,5.0,20.0,11.0,0.05,0.005,0.1,100.0
11,5.0,20.0,12.0,0.05,0.005,0.1,100.0
12,5.0,20.0,13.0,0.05,0.005,0.1,100.0
13,5.0,20.0,14.0,0.05,0.005,0.1,100.0
14,5.0,20.0,15.0,0.05,0.005,0.1,100.0
15,5.0,20.0,16.0,0.05,0.005,0.1,100.0
16,5.0,20.0,17.0,0.05,0.005,0.1,100.0
17,5.0,20.0,18.0,0.05,0.005,0.1,100.0
18,5.0,20.0,19.0,0.05,0.005,0.1,100.0
19,5.0,20.0,20.0,0.2,0.02,0.1,100.0
20,5.0,20.0,21.0,0.05,0.005,0.1,100.0
21,5.0,20.0,22.0,0.2,0.02,0.1,100.0
22,5.0,20.0,23.0,0.05,0.005,0.1,100.0
23,5.0,20.0,24.0,0.05,0.005,0.1,100.0
24,5.0,20.0,1.0,0.15,0.10555555555555556,0.2,100.0
25,5.0,20.0,2.0,0.1,0.01111111111111111,0.1,100.0
26,5.0,20.0,3.0,0.15,0.11052631578947367,0.15,100.0
27,5.0,20.0,4.0,0.15,0.11052631578947367,0.15,100.0
28,5.0,20.0,5.0,0.15,0.11052631578947367,0.15,100.0
29,5.0,20.0,6.0,0.15,0.11052631578947367,0.15,100.0
30,5.0,20.0,7.0,0.1,0.01111111111111111,0.1,100.0
31,5.0,20.0,8.0,0.1,0.010526315789473684,0.1,100.0
32,5.0,20.0,9.0,0.1,0.010526315789473684,0.1,100.0
33,5.0,20.0,10.0,0.1,0.010526315789473684,0.1,100.0
34,5.0,20.0,11.0,0.15,0.11052631578947367,0.15,100.0
35,5.0,20.0,12.0,0.1,0.01,0.1,100.0
36,5.0,20.0,13.0,0.1,0.01,0.1,100.0
37,5.0,20.0,14.0,0.15,0.016666666666666666,0.1,100.0
38,5.0,20.0,15.0,0.15,0.015,0.1,100.0
39,5.0,20.0,16.0,0.15,0.015,0.1,100.0
40,5.0,20.0,17.0,0.15,0.015,0.1,100.0
41,5.0,20.0,18.0,0.1,0.010526315789473684,0.1,100.0
42,5.0,20.0,19.0,0.1,0.010526315789473684,0.1,100.0
43,5.0,20.0,20.0,0.1,0.010526315789473684,0.1,100.0
44,5.0,20.0,21.0,0.1,0.010526315789473684,0.1,100.0
45,5.0,20.0,22.0,0.1,0.010526315789473684,0.1,100.0
46,5.0,20.0,23.0,0.1,0.01111111111111111,0.1,100.0
47,5.0,20.0,24.0,0.1,0.01111111111111111,0.1,100.0
48,5.0,20.0,1.0,0.05,0.005263157894736842,0.1,100.0
49,5.0,20.0,2.0,0.1,0.010526315789473684,0.1,100.0
50,5.0,20.0,3.0,0.1,0.010526315789473684,0.1,100.0
51,5.0,20.0,4.0,0.15,0.11052631578947367,0.15,100.0
52,5.0,20.0,5.0,0.15,0.11052631578947367,0.15,100.0
53,5.0,20.0,6.0,0.15,0.11052631578947367,0.15,100.0
54,5.0,20.0,7.0,0.1,0.010526315789473684,0.1,100.0
55,5.0,20.0,8.0,0.1,0.010526315789473684,0.1,100.0
56,5.0,20.0,9.0,0.1,0.010526315789473684,0.1,100.0
57,5.0,20.0,10.0,0.1,0.010526315789473684,0.1,100.0
58,5.0,20.0,11.0,0.1,0.010526315789473684,0.1,100.0
59,5.0,20.0,12.0,0.1,0.01,0.1,100.0
60,5.0,20.0,13.0,0.1,0.01,0.1,100.0
61,5.0,20.0,14.0,0.1,0.01,0.1,100.0
62,5.0,20.0,15.0,0.1,0.01,0.1,100.0
63,5.0,20.0,16.0,0.1,0.010526315789473684,0.1,100.0
64,5.0,20.0,17.0,0.1,0.010526315789473684,0.1,100.0
65,5.0,20.0,18.0,0.1,0.010526315789473684,0.1,100.0
66,5.0,20.0,19.0,0.15,0.015,0.1,100.0
67,5.0,20.0,20.0,0.15,0.015,0.1,100.0
68,5.0,20.0,21.0,0.1,0.010526315789473684,0.1,100.0
69,5.0,20.0,22.0,0.1,0.010526315789473684,0.1,100.0
70,5.0,20.0,23.0,0.15,0.015789473684210527,0.1,100.0
71,5.0,20.0,24.0,0.15,0.015789473684210527,0.1,100.0
72,5.0,20.0,1.0,0.05,0.005555555555555555,0.1,100.0
73,5.0,20.0,2.0,0.1,0.01111111111111111,0.1,100.0
74,5.0,20.0,3.0,0.1,0.01,0.1,100.0
75,5.0,20.0,4.0,0.1,0.01,0.1,100.0
76,5.0,20.0,5.0,0.1,0.01,0.1,100.0
77,5.0,20.0,6.0,0.1,0.01,0.1,100.0
78,5.0,20.0,7.0,0.1,0.01,0.1,100.0
79,5.0,20.0,8.0,0.1,0.01,0.1,100.0
80,5.0,20.0,9.0,0.1,0.01111111111111111,0.1,100.0
81,5.0,20.0,10.0,0.15,0.015,0.1,100.0
82,5.0,20.0,11.0,0.1,0.01,0.1,100.0
83,5.0,20.0,12.0,0.1,0.01,0.1,100.0
84,5.0,20.0,13.0,0.1,0.01,0.1,100.0
85,5.0,20.0,14.0,0.1,0.01,0.1,100.0
86,5.0,20.0,15.0,0.1,0.01,0.1,100.0
87,5.0,20.0,16.0,0.1,0.01,0.1,100.0
88,5.0,20.0,17.0,0.1,0.01,0.1,100.0
89,5.0,20.0,18.0,0.1,0.01,0.1,100.0
90,5.0,20.0,19.0,0.1,0.01,0.1,100.0
91,5.0,20.0,20.0,0.1,0.01,0.1,100.0
92,5.0,20.0,21.0,0.1,0.01,0.1,100.0
93,5.0,20.0,22.0,0.1,0.01,0.1,100.0
94,5.0,20.0,23.0,0.1,0.01,0.1,100.0
95,5.0,20.0,24.0,0.1,0.01,0.1,100.0
96,5.0,20.0,1.0,0.2,0.11666666666666667,0.15,100.0
97,5.0,20.0,2.0,0.15,0.11052631578947367,0.15,100.0
98,5.0,20.0,3.0,0.15,0.016666666666666666,0.1,100.0
99,5.0,20.0,4.0,0.15,0.015789473684210527,0.1,100.0
100,5.0,20.0,5.0,0.1,0.01,0.1,100.0
101,5.0,20.0,6.0,0.1,0.01,0.1,100.0
102,5.0,20.0,7.0,0.1,0.01111111111111111,0.1,100.0
103,5.0,20.0,8.0,0.1,0.01111111111111111,0.1,100.0
104,5.0,20.0,9.0,0.15,0.015789473684210527,0.1,100.0
105,5.0,20.0,10.0,0.1,0.010526315789473684,0.1,100.0
106,5.0,20.0,11.0,0.15,0.016666666666666666,0.1,100.0
107,5.0,20.0,12.0,0.15,0.016666666666666666,0.1,100.0
108,5.0,20.0,13.0,0.1,0.01,0.1,100.0
109,5.0,20.0,14.0,0.1,0.01,0.1,100.0
110,5.0,20.0,15.0,0.1,0.01,0.1,100.0
111,5.0,20.0,16.0,0.1,0.01,0.1,100.0
112,5.0,20.0,17.0,0.1,0.010526315789473684,0.1,100.0
113,5.0,20.0,18.0,0.1,0.01111111111111111,0.1,100.0
114,5.0,20.0,19.0,0.05,0.005555555555555555,0.1,100.0
115,5.0,20.0,20.0,0.15,0.016666666666666666,0.1,100.0
116,5.0,20.0,21.0,0.15,0.016666666666666666,0.1,100.0
117,5.0,20.0,22.0,0.05,0.005263157894736842,0.1,100.0
118,5.0,20.0,23.0,0.15,0.015,0.1,100.0
119,5.0,20.0,24.0,0.1,0.01,0.1,100.0
120,5.0,20.0,1.0,0.325,0.32,0.32166666666666666,200.0
121,5.0,20.0,2.0,0.35,0.3583333333333333,0.34500000000000003,200.0
122,5.0,20.0,3.0,0.375,0.34222222222222226,0.36666666666666664,200.0
123,5.0,20.0,4.0,0.375,0.33630952380952384,0.36833333333333335,200.0
124,5.0,20.0,5.0,0.4,0.3584126984126984,0.3833333333333333,200.0
125,5.0,20.0,6.0,0.5,0.45714285714285713,0.47833333333333333,200.0
126,5.0,20.0,7.0,0.45,0.525,0.42333333333333334,200.0
127,5.0,20.0,8.0,0.4,0.4272222222222222,0.3783333333333333,200.0
128,5.0,20.0,9.0,0.425,0.37977272727272726,0.4033333333333333,200.0
129,5.0,20.0,10.0,0.375,0.4046428571428571,0.3583333333333333,200.0
130,5.0,20.0,11.0,0.375,0.4108441558441559,0.35333333333333333,200.0
131,5.0,20.0,12.0,0.425,0.4806060606060606,0.39333333333333337,200.0
132,5.0,20.0,13.0,0.525,0.5368253968253969,0.49833333333333335,200.0
133,5.0,20.0,14.0,0.525,0.529047619047619,0.49833333333333335,200.0
134,5.0,20.0,15.0,0.525,0.5357142857142857,0.5033333333333333,200.0
135,5.0,20.0,16.0,0.475,0.525,0.4583333333333333,200.0
136,5.0,20.0,17.0,0.45,0.5238095238095237,0.4383333333333333,200.0
137,5.0,20.0,18.0,0.425,0.5047619047619047,0.4133333333333333,200.0
138,5.0,20.0,19.0,0.425,0.4015873015873016,0.4133333333333333,200.0
139,5.0,20.0,20.0,0.4,0.38357142857142856,0.3883333333333333,200.0
140,5.0,20.0,21.0,0.375,0.360515873015873,0.36833333333333335,200.0
141,5.0,20.0,22.0,0.375,0.3617063492063492,0.36833333333333335,200.0
142,5.0,20.0,23.0,0.35,0.2509523809523809,0.33999999999999997,200.0
143,5.0,20.0,24.0,0.3,0.2342857142857143,0.29,200.0
144,5.0,20.0,1.0,0.35,0.34285714285714286,0.32166666666666666,200.0
145,5.0,20.0,2.0,0.35,0.21608585858585858,0.31333333333333335,200.0
146,5.0,20.0,3.0,0.375,0.3458333333333333,0.3383333333333333,200.0
147,5.0,20.0,4.0,0.4,0.3902777777777778,0.37166666666666665,200.0
148,5.0,20.0,5.0,0.5,0.4447619047619048,0.4533333333333333,200.0
149,5.0,20.0,6.0,0.425,0.37124542124542126,0.375,200.0
150,5.0,20.0,7.0,0.425,0.37068181818181817,0.3866666666666666,200.0
151,5.0,20.0,8.0,0.45,0.38226190476190475,0.4033333333333333,200.0
152,5.0,20.0,9.0,0.325,0.24083333333333332,0.28,200.0
153,5.0,20.0,10.0,0.375,0.27309523809523806,0.325,200.0
154,5.0,20.0,11.0,0.425,0.37642857142857145,0.375,200.0
155,5.0,20.0,12.0,0.4,0.3686507936507937,0.355,200.0
156,5.0,20.0,13.0,0.375,0.39976190476190476,0.32999999999999996,200.0
157,5.0,20.0,14.0,0.425,0.5471978021978022,0.3883333333333333,200.0
158,5.0,20.0,15.0,0.4,0.45759018759018766,0.36333333333333334,200.0
159,5.0,20.0,16.0,0.425,0.42993589743589744,0.38,200.0
160,5.0,20.0,17.0,0.425,0.42993589743589744,0.38,200.0
161,5.0,20.0,18.0,0.4,0.31145104895104897,0.355,200.0
162,5.0,20.0,19.0,0.375,0.3073484848484848,0.335,200.0
163,5.0,20.0,20.0,0.375,0.35568181818181815,0.335,200.0
164,5.0,20.0,21.0,0.4,0.3573484848484848,0.355,200.0
165,5.0,20.0,22.0,0.325,0.2686580086580087,0.29000000000000004,200.0
166,5.0,20.0,23.0,0.325,0.2686580086580087,0.29000000000000004,200.0
167,5.0,20.0,24.0,0.325,0.28365800865800866,0.29000000000000004,200.0
168,5.0,20.0,1.0,0.275,0.24690476190476188,0.26666666666666666,200.0
169,5.0,20.0,2.0,0.25,0.19984848484848483,0.2333333333333333,200.0
170,5.0,20.0,3.0,0.275,0.33484848484848484,0.26166666666666666,200.0
171,5.0,20.0,4.0,0.325,0.38151515151515153,0.315,200.0
172,5.0,20.0,5.0,0.425,0.4575,0.41500000000000004,200.0
173,5.0,20.0,6.0,0.4,0.4133333333333333,0.36833333333333335,200.0
174,5.0,20.0,7.0,0.4,0.33785714285714286,0.36,200.0
175,5.0,20.0,8.0,0.425,0.43583333333333335,0.3983333333333333,200.0
176,5.0,20.0,9.0,0.4,0.39666666666666667,0.3683333333333333,200.0
177,5.0,20.0,10.0,0.425,0.43679653679653685,0.3933333333333333,200.0
178,5.0,20.0,11.0,0.375,0.4117965367965368,0.3483333333333333,200.0
179,5.0,20.0,12.0,0.4,0.45870129870129867,0.3733333333333333,200.0
180,5.0,20.0,13.0,0.45,0.47298701298701296,0.41833333333333333,200.0
181,5.0,20.0,14.0,0.425,0.47071428571428575,0.3933333333333333,200.0
182,5.0,20.0,15.0,0.425,0.4572727272727272,0.3933333333333333,200.0
183,5.0,20.0,16.0,0.35,0.2833333333333333,0.31,200.0
184,5.0,20.0,17.0,0.35,0.2839285714285714,0.31,200.0
185,5.0,20.0,18.0,0.325,0.2708333333333333,0.295,200.0
186,5.0,20.0,19.0,0.3,0.25974358974358974,0.275,200.0
187,5.0,20.0,20.0,0.35,0.38974358974358975,0.3233333333333333,200.0
188,5.0,20.0,21.0,0.3,0.25831501831501835,0.27,200.0
189,5.0,20.0,22.0,0.325,0.37749999999999995,0.30333333333333334,200.0
190,5.0,20.0,23.0,0.275,0.24666666666666667,0.24499999999999997,200.0
191,5.0,20.0,24.0,0.225,0.21904761904761902,0.20500000000000002,200.0
192,5.0,20.0,1.0,0.375,0.3445238095238095,0.34833333333333333,200.0
193,5.0,20.0,2.0,0.325,0.3777777777777778,0.3133333333333333,200.0
194,5.0,20.0,3.0,0.375,0.41531746031746036,0.35333333333333333,200.0
195,5.0,20.0,4.0,0.45,0.48047619047619045,0.43166666666666664,200.0
196,5.0,20.0,5.0,0.375,0.3175,0.36666666666666664,200.0
197,5.0,20.0,6.0,0.375,0.2946825396825397,0.34833333333333333,200.0
198,5.0,20.0,7.0,0.375,0.29111111111111115,0.34833333333333333,200.0
199,5.0,20.0,8.0,0.35,0.2703968253968254,0.32333333333333336,200.0
200,5.0,20.0,9.0,0.3,0.2848412698412698,0.2833333333333333,200.0
201,5.0,20.0,10.0,0.325,0.2742857142857143,0.3083333333333333,200.0
202,5.0,20.0,11.0,0.3,0.258015873015873,0.2833333333333333,200.0
203,5.0,20.0,12.0,0.275,0.253015873015873,0.2583333333333333,200.0
204,5.0,20.0,13.0,0.275,0.2569047619047619,0.2583333333333333,200.0
205,5.0,20.0,14.0,0.275,0.2566666666666667,0.2583333333333333,200.0
206,5.0,20.0,15.0,0.25,0.24444444444444446,0.2333333333333333,200.0
207,5.0,20.0,16.0,0.25,0.24444444444444446,0.2333333333333333,200.0
208,5.0,20.0,17.0,0.225,0.21194444444444444,0.20833333333333331,200.0
209,5.0,20.0,18.0,0.25,0.22444444444444445,0.2333333333333333,200.0
210,5.0,20.0,19.0,0.225,0.20210678210678212,0.21333333333333332,200.0
211,5.0,20.0,20.0,0.275,0.2381818181818182,0.2666666666666667,200.0
212,5.0,20.0,21.0,0.25,0.13318181818181818,0.2416666666666667,200.0
213,5.0,20.0,22.0,0.225,0.12555555555555556,0.20833333333333334,200.0
214,5.0,20.0,23.0,0.25,0.13499999999999998,0.2416666666666667,200.0
215,5.0,20.0,24.0,0.225,0.09833333333333333,0.22166666666666668,200.0
216,5.0,20.0,1.0,0.275,0.24484848484848482,0.26,200.0
217,5.0,20.0,2.0,0.225,0.11493506493506493,0.205,200.0
218,5.0,20.0,3.0,0.275,0.20690476190476192,0.26,200.0
219,5.0,20.0,4.0,0.325,0.24,0.305,200.0
220,5.0,20.0,5.0,0.4,0.3761904761904762,0.38,200.0
221,5.0,20.0,6.0,0.4,0.3761904761904762,0.38,200.0
222,5.0,20.0,7.0,0.4,0.35119047619047616,0.38,200.0
223,5.0,20.0,8.0,0.425,0.4177777777777777,0.40499999999999997,200.0
224,5.0,20.0,9.0,0.375,0.3486263736263736,0.355,200.0
225,5.0,20.0,10.0,0.375,0.3464285714285714,0.355,200.0
226,5.0,20.0,11.0,0.375,0.33195970695970695,0.355,200.0
227,5.0,20.0,12.0,0.35,0.314047619047619,0.335,200.0
228,5.0,20.0,13.0,0.325,0.3086580086580087,0.315,200.0
229,5.0,20.0,14.0,0.375,0.332034632034632,0.36,200.0
230,5.0,20.0,15.0,0.375,0.3333333333333333,0.36,200.0
231,5.0,20.0,16.0,0.4,0.3441666666666666,0.38,200.0
232,5.0,20.0,17.0,0.325,0.2688888888888889,0.305,200.0
233,5.0,20.0,18.0,0.325,0.266984126984127,0.31,200.0
234,5.0,20.0,19.0,0.35,0.276984126984127,0.335,200.0
235,5.0,20.0,20.0,0.3,0.24801587301587302,0.29500000000000004,200.0
236,5.0,20.0,21.0,0.325,0.2702380952380953,0.315,200.0
237,5.0,20.0,22.0,0.275,0.24035714285714285,0.27,200.0
238,5.0,20.0,23.0,0.3,0.24952380952380954,0.29500000000000004,200.0
239,5.0,20.0,24.0,0.25,0.22777777777777777,0.24500000000000002,200.0
240,5.0,20.0,1.0,0.5833333333333334,0.6126282051282053,0.5691666666666666,300.0
241,5.0,20.0,2.0,0.5333333333333333,0.5292063492063492,0.5033333333333334,300.0
242,5.0,20.0,3.0,0.65,0.6308730158730159,0.6325000000000001,300.0
243,5.0,20.0,4.0,0.6333333333333333,0.6554834054834056,0.6075,300.0
244,5.0,20.0,5.0,0.65,0.657558275058275,0.6208333333333333,300.0
245,5.0,20.0,6.0,0.6,0.48010101010101014,0.5666666666666667,300.0
246,5.0,20.0,7.0,0.65,0.6808158508158508,0.6241666666666668,300.0
247,5.0,20.0,8.0,0.5666666666666667,0.5625582750582752,0.5291666666666667,300.0
248,5.0,20.0,9.0,0.5833333333333334,0.5736729936729936,0.5458333333333334,300.0
249,5.0,20.0,10.0,0.6,0.6333333333333333,0.5625,300.0
250,5.0,20.0,11.0,0.5666666666666667,0.6107142857142858,0.5291666666666667,300.0
251,5.0,20.0,12.0,0.55,0.5081235431235431,0.5041666666666667,300.0
252,5.0,20.0,13.0,0.5666666666666667,0.5583333333333333,0.5325,300.0
253,5.0,20.0,14.0,0.5666666666666667,0.6060389610389609,0.5241666666666667,300.0
254,5.0,20.0,15.0,0.5666666666666667,0.5636363636363637,0.5241666666666667,300.0
255,5.0,20.0,16.0,0.5666666666666667,0.5571794871794872,0.5325,300.0
256,5.0,20.0,17.0,0.5666666666666667,0.5542249417249417,0.5325,300.0
257,5.0,20.0,18.0,0.55,0.5021794871794871,0.5075000000000001,300.0
258,5.0,20.0,19.0,0.55,0.5042249417249417,0.5075000000000001,300.0
259,5.0,20.0,20.0,0.55,0.5191491841491841,0.5075000000000001,300.0
260,5.0,20.0,21.0,0.48333333333333334,0.45979020979020985,0.445,300.0
261,5.0,20.0,22.0,0.5,0.47115384615384615,0.4616666666666667,300.0
262,5.0,20.0,23.0,0.5166666666666667,0.477542735042735,0.47833333333333333,300.0
263,5.0,20.0,24.0,0.5166666666666667,0.4933616383616384,0.47833333333333333,300.0
264,5.0,20.0,1.0,0.6166666666666667,0.6355952380952381,0.6095238095238095,300.0
265,5.0,20.0,2.0,0.6166666666666667,0.6728571428571428,0.5961904761904762,300.0
266,5.0,20.0,3.0,0.7,0.7260714285714286,0.6828571428571428,300.0
267,5.0,20.0,4.0,0.65,0.6575216450216451,0.6420238095238096,300.0
268,5.0,20.0,5.0,0.6333333333333333,0.6480952380952381,0.6295238095238095,300.0
269,5.0,20.0,6.0,0.6166666666666667,0.6160930735930735,0.6021428571428571,300.0
270,5.0,20.0,7.0,0.5833333333333334,0.5776190476190476,0.5753571428571428,300.0
271,5.0,20.0,8.0,0.5666666666666667,0.5547222222222221,0.5463095238095238,300.0
272,5.0,20.0,9.0,0.5833333333333334,0.6445088245088245,0.5564285714285714,300.0
273,5.0,20.0,10.0,0.6166666666666667,0.6674999999999999,0.593095238095238,300.0
274,5.0,20.0,11.0,0.6166666666666667,0.6587121212121212,0.598095238095238,300.0
275,5.0,20.0,12.0,0.5666666666666667,0.6113919413919414,0.5522619047619048,300.0
276,5.0,20.0,13.0,0.55,0.5743073593073593,0.5272619047619048,300.0
277,5.0,20.0,14.0,0.5333333333333333,0.5602231102231101,0.5072619047619047,300.0
278,5.0,20.0,15.0,0.55,0.5297619047619048,0.521547619047619,300.0
279,5.0,20.0,16.0,0.5666666666666667,0.5238095238095238,0.5257142857142857,300.0
280,5.0,20.0,17.0,0.5,0.4833333333333334,0.46559523809523806,300.0
281,5.0,20.0,18.0,0.4666666666666667,0.41380952380952374,0.4364285714285714,300.0
282,5.0,20.0,19.0,0.5,0.4891036414565827,0.46976190476190477,300.0
283,5.0,20.0,20.0,0.5,0.4746428571428571,0.46976190476190477,300.0
284,5.0,20.0,21.0,0.4666666666666667,0.41380952380952374,0.4364285714285714,300.0
285,5.0,20.0,22.0,0.45,0.4340819964349376,0.42630952380952386,300.0
286,5.0,20.0,23.0,0.45,0.4252941176470588,0.42214285714285715,300.0
287,5.0,20.0,24.0,0.45,0.44378787878787873,0.42630952380952386,300.0
288,5.0,20.0,1.0,0.5333333333333333,0.5214682539682539,0.5244047619047619,300.0
289,5.0,20.0,2.0,0.48333333333333334,0.44549117549117556,0.4544047619047619,300.0
290,5.0,20.0,3.0,0.5,0.535952380952381,0.47011904761904766,300.0
291,5.0,20.0,4.0,0.5833333333333334,0.6102561327561328,0.5660714285714287,300.0
292,5.0,20.0,5.0,0.5333333333333333,0.47700577200577204,0.5092857142857142,300.0
293,5.0,20.0,6.0,0.5666666666666667,0.5884554334554334,0.5476190476190477,300.0
294,5.0,20.0,7.0,0.5666666666666667,0.6237662337662337,0.550952380952381,300.0
295,5.0,20.0,8.0,0.5833333333333334,0.6453138528138528,0.5751190476190475,300.0
296,5.0,20.0,9.0,0.5166666666666667,0.5083882783882785,0.5051190476190477,300.0
297,5.0,20.0,10.0,0.5,0.44957431457431457,0.4817857142857143,300.0
298,5.0,20.0,11.0,0.48333333333333334,0.43182234432234423,0.4651190476190476,300.0
299,5.0,20.0,12.0,0.5333333333333333,0.45338217338217335,0.5109523809523809,300.0
300,5.0,20.0,13.0,0.5,0.44743589743589735,0.4776190476190476,300.0
301,5.0,20.0,14.0,0.48333333333333334,0.4324175824175824,0.460952380952381,300.0
302,5.0,20.0,15.0,0.48333333333333334,0.42905982905982903,0.460952380952381,300.0
303,5.0,20.0,16.0,0.48333333333333334,0.46461538461538454,0.47107142857142864,300.0
304,5.0,20.0,17.0,0.4666666666666667,0.45116217116217117,0.4544047619047619,300.0
305,5.0,20.0,18.0,0.4666666666666667,0.43207792207792206,0.4526190476190476,300.0
306,5.0,20.0,19.0,0.45,0.4036996336996337,0.4359523809523809,300.0
307,5.0,20.0,20.0,0.43333333333333335,0.3804166666666667,0.4151190476190476,300.0
308,5.0,20.0,21.0,0.45,0.3904166666666667,0.43178571428571433,300.0
309,5.0,20.0,22.0,0.38333333333333336,0.33493589743589747,0.37166666666666665,300.0
310,5.0,20.0,23.0,0.4,0.3594047619047619,0.38416666666666666,300.0
311,5.0,20.0,24.0,0.4,0.3808333333333333,0.38416666666666666,300.0
312,5.0,20.0,1.0,0.6333333333333333,0.6950000000000001,0.6291269841269842,300.0
313,5.0,20.0,2.0,0.55,0.6580357142857143,0.5346825396825396,300.0
314,5.0,20.0,3.0,0.5833333333333334,0.5972222222222222,0.5596825396825397,300.0
315,5.0,20.0,4.0,0.5666666666666667,0.6763095238095238,0.5535714285714286,300.0
316,5.0,20.0,5.0,0.5833333333333334,0.5951785714285714,0.567063492063492,300.0
317,5.0,20.0,6.0,0.5333333333333333,0.485974025974026,0.5087301587301587,300.0
318,5.0,20.0,7.0,0.55,0.5907954545454546,0.5303968253968254,300.0
319,5.0,20.0,8.0,0.5666666666666667,0.6745833333333333,0.5503968253968253,300.0
320,5.0,20.0,9.0,0.55,0.6576388888888889,0.5337301587301587,300.0
321,5.0,20.0,10.0,0.5166666666666667,0.6189969834087481,0.4946825396825397,300.0
322,5.0,20.0,11.0,0.5166666666666667,0.6456636500754148,0.4970634920634921,300.0
323,5.0,20.0,12.0,0.5,0.5157002801120447,0.4696825396825397,300.0
324,5.0,20.0,13.0,0.5,0.49327380952380945,0.4696825396825397,300.0
325,5.0,20.0,14.0,0.5,0.5145238095238095,0.47523809523809524,300.0
326,5.0,20.0,15.0,0.4666666666666667,0.46480158730158727,0.44190476190476186,300.0
327,5.0,20.0,16.0,0.4666666666666667,0.4821195144724557,0.4385714285714285,300.0
328,5.0,20.0,17.0,0.48333333333333334,0.49481792717086837,0.4552380952380952,300.0
329,5.0,20.0,18.0,0.48333333333333334,0.49481792717086837,0.4552380952380952,300.0
330,5.0,20.0,19.0,0.4666666666666667,0.4848179271708684,0.4385714285714285,300.0
331,5.0,20.0,20.0,0.48333333333333334,0.4928571428571429,0.4552380952380952,300.0
332,5.0,20.0,21.0,0.4666666666666667,0.46497835497835494,0.4409523809523809,300.0
333,5.0,20.0,22.0,0.45,0.4307486631016043,0.42428571428571427,300.0
334,5.0,20.0,23.0,0.45,0.4307486631016043,0.42428571428571427,300.0
335,5.0,20.0,24.0,0.4666666666666667,0.446447963800905,0.440952380952381,300.0
336,5.0,20.0,1.0,0.5333333333333333,0.5427380952380952,0.5295238095238095,300.0
337,5.0,20.0,2.0,0.5333333333333333,0.6228354978354979,0.5205952380952381,300.0
338,5.0,20.0,3.0,0.4666666666666667,0.4425,0.4420238095238095,300.0
339,5.0,20.0,4.0,0.5166666666666667,0.4776406926406927,0.4872619047619048,300.0
340,5.0,20.0,5.0,0.48333333333333334,0.4128787878787879,0.4511904761904762,300.0
341,5.0,20.0,6.0,0.4,0.3297619047619047,0.37857142857142856,300.0
342,5.0,20.0,7.0,0.43333333333333335,0.3638095238095238,0.41428571428571426,300.0
343,5.0,20.0,8.0,0.38333333333333336,0.3433333333333333,0.375,300.0
344,5.0,20.0,9.0,0.43333333333333335,0.33135225885225883,0.4125,300.0
345,5.0,20.0,10.0,0.43333333333333335,0.3345238095238095,0.4125,300.0
346,5.0,20.0,11.0,0.4166666666666667,0.3451190476190476,0.3976190476190476,300.0
347,5.0,20.0,12.0,0.43333333333333335,0.35511904761904756,0.4142857142857143,300.0
348,5.0,20.0,13.0,0.45,0.36226190476190473,0.4267857142857143,300.0
349,5.0,20.0,14.0,0.45,0.45623015873015876,0.4375,300.0
350,5.0,20.0,15.0,0.43333333333333335,0.38202380952380954,0.42000000000000004,300.0
351,5.0,20.0,16.0,0.43333333333333335,0.33460317460317457,0.4166666666666667,300.0
352,5.0,20.0,17.0,0.45,0.39944444444444444,0.4416666666666667,300.0
353,5.0,20.0,18.0,0.45,0.3898809523809524,0.4416666666666667,300.0
354,5.0,20.0,19.0,0.45,0.3863095238095238,0.4416666666666667,300.0
355,5.0,20.0,20.0,0.45,0.38583333333333336,0.4416666666666667,300.0
356,5.0,20.0,21.0,0.4666666666666667,0.39952380952380956,0.45833333333333337,300.0
357,5.0,20.0,22.0,0.48333333333333334,0.5066666666666666,0.4783333333333334,300.0
358,5.0,20.0,23.0,0.45,0.3441666666666666,0.4333333333333334,300.0
359,5.0,20.0,24.0,0.45,0.3378571428571428,0.4291666666666667,300.0
360,5.0,20.0,1.0,0.6875,0.698452380952381,0.6932142857142857,400.0
361,5.0,20.0,2.0,0.65,0.6889285714285714,0.6532142857142856,400.0
362,5.0,20.0,3.0,0.7125,0.7383152958152959,0.7143253968253969,400.0
363,5.0,20.0,4.0,0.725,0.7306637806637807,0.7268253968253968,400.0
364,5.0,20.0,5.0,0.7125,0.7183927183927183,0.712936507936508,400.0
365,5.0,20.0,6.0,0.6875,0.697965367965368,0.6962698412698414,400.0
366,5.0,20.0,7.0,0.675,0.6774464424464425,0.6862698412698414,400.0
367,5.0,20.0,8.0,0.625,0.6216527916527916,0.6251587301587301,400.0
368,5.0,20.0,9.0,0.6375,0.6216955266955266,0.6321031746031747,400.0
369,5.0,20.0,10.0,0.6375,0.6253787878787879,0.6334920634920636,400.0
370,5.0,20.0,11.0,0.6375,0.6335389610389611,0.6321031746031747,400.0
371,5.0,20.0,12.0,0.625,0.6006546231546231,0.6143253968253968,400.0
372,5.0,20.0,13.0,0.6375,0.635,0.6296031746031746,400.0
373,5.0,20.0,14.0,0.6375,0.6197222222222222,0.6309920634920635,400.0
374,5.0,20.0,15.0,0.65,0.6465384615384615,0.6407142857142857,400.0
375,5.0,20.0,16.0,0.6375,0.6326495726495726,0.6296031746031746,400.0
376,5.0,20.0,17.0,0.625,0.601010101010101,0.6087698412698412,400.0
377,5.0,20.0,18.0,0.6125,0.599651737151737,0.5987698412698412,400.0
378,5.0,20.0,19.0,0.6,0.586507659007659,0.5862698412698413,400.0
379,5.0,20.0,20.0,0.6125,0.5961813186813187,0.5987698412698412,400.0
380,5.0,20.0,21.0,0.6,0.5688489288489288,0.5807142857142857,400.0
381,5.0,20.0,22.0,0.6375,0.609383116883117,0.6196031746031746,400.0
382,5.0,20.0,23.0,0.6125,0.5823104673104674,0.5918253968253968,400.0
383,5.0,20.0,24.0,0.6125,0.5867549117549118,0.5918253968253968,400.0
384,5.0,20.0,1.0,0.7125,0.7649891774891775,0.7144841269841271,400.0
385,5.0,20.0,2.0,0.6625,0.7216450216450216,0.6547619047619048,400.0
386,5.0,20.0,3.0,0.65,0.705937950937951,0.6422619047619047,400.0
387,5.0,20.0,4.0,0.675,0.733984348984349,0.6644841269841271,400.0
388,5.0,20.0,5.0,0.7375,0.748510101010101,0.7297619047619047,400.0
389,5.0,20.0,6.0,0.725,0.766060606060606,0.7218253968253968,400.0
390,5.0,20.0,7.0,0.6625,0.6831546231546232,0.6603174603174603,400.0
391,5.0,20.0,8.0,0.675,0.6834576534576534,0.6714285714285715,400.0
392,5.0,20.0,9.0,0.6875,0.7082051282051283,0.6825396825396826,400.0
393,5.0,20.0,10.0,0.6625,0.6713003663003663,0.657142857142857,400.0
394,5.0,20.0,11.0,0.6625,0.6775557775557777,0.657142857142857,400.0
395,5.0,20.0,12.0,0.625,0.6254761904761904,0.6154761904761904,400.0
396,5.0,20.0,13.0,0.6375,0.6557936507936508,0.6265873015873016,400.0
397,5.0,20.0,14.0,0.625,0.6456926406926407,0.6154761904761904,400.0
398,5.0,20.0,15.0,0.6125,0.6156746031746032,0.6043650793650793,400.0
399,5.0,20.0,16.0,0.65,0.6647222222222222,0.6376984126984127,400.0
400,5.0,20.0,17.0,0.6375,0.6599206349206349,0.6251984126984127,400.0
401,5.0,20.0,18.0,0.6375,0.6599206349206349,0.6251984126984127,400.0
402,5.0,20.0,19.0,0.625,0.6429545454545454,0.6154761904761905,400.0
403,5.0,20.0,20.0,0.625,0.6504545454545455,0.6154761904761905,400.0
404,5.0,20.0,21.0,0.6,0.6296212121212121,0.5918650793650794,400.0
405,5.0,20.0,22.0,0.5875,0.6153921568627452,0.5793650793650794,400.0
406,5.0,20.0,23.0,0.5875,0.6720588235294118,0.5793650793650794,400.0
407,5.0,20.0,24.0,0.5875,0.6677777777777778,0.5793650793650794,400.0
408,5.0,20.0,1.0,0.6875,0.7138708513708514,0.6923809523809524,400.0
409,5.0,20.0,2.0,0.675,0.7147727272727272,0.6813888888888889,400.0
410,5.0,20.0,3.0,0.6625,0.6963400488400489,0.6624206349206349,400.0
411,5.0,20.0,4.0,0.75,0.785576923076923,0.7478174603174603,400.0
412,5.0,20.0,5.0,0.675,0.7213797313797314,0.6693650793650793,400.0
413,5.0,20.0,6.0,0.7,0.7411324786324787,0.6936507936507936,400.0
414,5.0,20.0,7.0,0.7,0.7365384615384616,0.7003174603174603,400.0
415,5.0,20.0,8.0,0.6875,0.6995795870795871,0.6878174603174603,400.0
416,5.0,20.0,9.0,0.6625,0.6785714285714286,0.6628174603174604,400.0
417,5.0,20.0,10.0,0.6625,0.6892857142857143,0.6642063492063492,400.0
418,5.0,20.0,11.0,0.65,0.7156349206349206,0.6495238095238095,400.0
419,5.0,20.0,12.0,0.6625,0.7227777777777777,0.6638095238095237,400.0
420,5.0,20.0,13.0,0.6375,0.6830952380952381,0.6388095238095237,400.0
421,5.0,20.0,14.0,0.6375,0.6830952380952381,0.6388095238095237,400.0
422,5.0,20.0,15.0,0.65,0.7216666666666667,0.6513095238095238,400.0
423,5.0,20.0,16.0,0.625,0.674047619047619,0.6245238095238095,400.0
424,5.0,20.0,17.0,0.625,0.674047619047619,0.6245238095238095,400.0
425,5.0,20.0,18.0,0.6375,0.685952380952381,0.6345238095238095,400.0
426,5.0,20.0,19.0,0.6125,0.6670833333333334,0.6120238095238095,400.0
427,5.0,20.0,20.0,0.6125,0.6647023809523809,0.6120238095238095,400.0
428,5.0,20.0,21.0,0.625,0.6789880952380952,0.6245238095238095,400.0
429,5.0,20.0,22.0,0.625,0.6894397759103641,0.6245238095238095,400.0
430,5.0,20.0,23.0,0.6375,0.6864285714285714,0.6370238095238095,400.0
431,5.0,20.0,24.0,0.625,0.6787254901960784,0.6245238095238095,400.0
432,5.0,20.0,1.0,0.6875,0.7130952380952381,0.6939285714285715,400.0
433,5.0,20.0,2.0,0.725,0.7390781440781441,0.7121428571428571,400.0
434,5.0,20.0,3.0,0.6875,0.7147366522366523,0.6896428571428571,400.0
435,5.0,20.0,4.0,0.6625,0.6722366522366523,0.6646428571428571,400.0
436,5.0,20.0,5.0,0.7125,0.7311363636363636,0.7146428571428571,400.0
437,5.0,20.0,6.0,0.7125,0.7339790764790765,0.7163095238095238,400.0
438,5.0,20.0,7.0,0.675,0.6949206349206349,0.6771428571428572,400.0
439,5.0,20.0,8.0,0.6625,0.6829761904761905,0.6628571428571429,400.0
440,5.0,20.0,9.0,0.675,0.6956962481962482,0.6838095238095238,400.0
441,5.0,20.0,10.0,0.6625,0.6835137085137085,0.667142857142857,400.0
442,5.0,20.0,11.0,0.675,0.7021284271284272,0.6771428571428572,400.0
443,5.0,20.0,12.0,0.675,0.6836363636363636,0.6728571428571428,400.0
444,5.0,20.0,13.0,0.65,0.655,0.6503571428571429,400.0
445,5.0,20.0,14.0,0.65,0.6622619047619047,0.6461904761904762,400.0
446,5.0,20.0,15.0,0.6125,0.643474025974026,0.6136904761904762,400.0
447,5.0,20.0,16.0,0.6,0.6204004329004329,0.6035714285714285,400.0
448,5.0,20.0,17.0,0.6125,0.6489435564435564,0.6135714285714287,400.0
449,5.0,20.0,18.0,0.6,0.6255952380952381,0.6010714285714286,400.0
450,5.0,20.0,19.0,0.5875,0.5970851370851371,0.5867857142857142,400.0
451,5.0,20.0,20.0,0.6125,0.6364718614718615,0.6117857142857143,400.0
452,5.0,20.0,21.0,0.6,0.6333916083916084,0.5992857142857143,400.0
453,5.0,20.0,22.0,0.5875,0.6266666666666667,0.5910714285714286,400.0
454,5.0,20.0,23.0,0.625,0.6607725607725607,0.6260714285714286,400.0
455,5.0,20.0,24.0,0.625,0.675974025974026,0.6260714285714286,400.0
456,5.0,20.0,1.0,0.775,0.8061660561660562,0.7812698412698412,400.0
457,5.0,20.0,2.0,0.7,0.7465584415584415,0.6872619047619047,400.0
458,5.0,20.0,3.0,0.775,0.781417748917749,0.7704365079365079,400.0
459,5.0,20.0,4.0,0.75,0.7759279609279609,0.746547619047619,400.0
460,5.0,20.0,5.0,0.75,0.7807326007326008,0.7503174603174603,400.0
461,5.0,20.0,6.0,0.775,0.7901770451770451,0.7739285714285714,400.0
462,5.0,20.0,7.0,0.775,0.7800721500721501,0.7683730158730159,400.0
463,5.0,20.0,8.0,0.7375,0.73748556998557,0.728095238095238,400.0
464,5.0,20.0,9.0,0.725,0.7241522366522367,0.715595238095238,400.0
465,5.0,20.0,10.0,0.725,0.7241522366522367,0.715595238095238,400.0
466,5.0,20.0,11.0,0.7125,0.7125222000222001,0.6989285714285713,400.0
467,5.0,20.0,12.0,0.7,0.6897949272949273,0.6822619047619047,400.0
468,5.0,20.0,13.0,0.6875,0.6796217671217673,0.6711507936507937,400.0
469,5.0,20.0,14.0,0.675,0.6698232323232324,0.6611507936507937,400.0
470,5.0,20.0,15.0,0.6875,0.7004184704184705,0.6735317460317459,400.0
471,5.0,20.0,16.0,0.6875,0.6962518037518037,0.6711507936507936,400.0
472,5.0,20.0,17.0,0.7,0.7111868686868688,0.6822619047619047,400.0
473,5.0,20.0,18.0,0.6875,0.7010137085137085,0.6711507936507937,400.0
474,5.0,20.0,19.0,0.675,0.6903535353535354,0.6568650793650793,400.0
475,5.0,20.0,20.0,0.6875,0.7123232323232325,0.6735317460317459,400.0
476,5.0,20.0,21.0,0.675,0.6903535353535354,0.6568650793650793,400.0
477,5.0,20.0,22.0,0.675,0.6903535353535354,0.6568650793650793,400.0
478,5.0,20.0,23.0,0.675,0.6885137085137085,0.6568650793650793,400.0
479,5.0,20.0,24.0,0.65,0.6600925463425463,0.6235317460317461,400.0
480,5.0,20.0,1.0,0.77,0.7864796314796315,0.7742424242424242,500.0
481,5.0,20.0,2.0,0.74,0.7438816738816738,0.7389141414141415,500.0
482,5.0,20.0,3.0,0.79,0.8031546231546232,0.7876515151515152,500.0
483,5.0,20.0,4.0,0.73,0.7502564102564102,0.727449494949495,500.0
484,5.0,20.0,5.0,0.78,0.8137196137196137,0.7843939393939394,500.0
485,5.0,20.0,6.0,0.77,0.7973776223776223,0.7698737373737374,500.0
486,5.0,20.0,7.0,0.77,0.781889776889777,0.7698737373737374,500.0
487,5.0,20.0,8.0,0.78,0.8082223332223333,0.7798737373737374,500.0
488,5.0,20.0,9.0,0.78,0.8019447219447219,0.7851515151515153,500.0
489,5.0,20.0,10.0,0.75,0.7691558441558441,0.7504292929292931,500.0
490,5.0,20.0,11.0,0.76,0.7799367299367299,0.7612626262626263,500.0
491,5.0,20.0,12.0,0.76,0.78502331002331,0.762929292929293,500.0
492,5.0,20.0,13.0,0.77,0.7880952380952382,0.7712626262626263,500.0
493,5.0,20.0,14.0,0.75,0.7801198801198801,0.752929292929293,500.0
494,5.0,20.0,15.0,0.73,0.7682609057609058,0.7334848484848486,500.0
495,5.0,20.0,16.0,0.74,0.7733774558774559,0.7434848484848485,500.0
496,5.0,20.0,17.0,0.73,0.7433866133866134,0.7282070707070707,500.0
497,5.0,20.0,18.0,0.73,0.7616008991008991,0.7282070707070708,500.0
498,5.0,20.0,19.0,0.73,0.7441350316350317,0.7295959595959596,500.0
499,5.0,20.0,20.0,0.71,0.7209415584415584,0.7059848484848485,500.0
500,5.0,20.0,21.0,0.71,0.7185273060273061,0.7059848484848485,500.0
501,5.0,20.0,22.0,0.72,0.7500789406671761,0.7212626262626263,500.0
502,5.0,20.0,23.0,0.7,0.7369187675070028,0.6976515151515151,500.0
503,5.0,20.0,24.0,0.7,0.7369187675070028,0.6976515151515151,500.0
504,5.0,20.0,1.0,0.74,0.7505078255078255,0.7270085470085469,500.0
505,5.0,20.0,2.0,0.71,0.7316391941391942,0.694508547008547,500.0
506,5.0,20.0,3.0,0.73,0.7411546786546787,0.7250330225330226,500.0
507,5.0,20.0,4.0,0.73,0.7315850815850815,0.7219017094017095,500.0
508,5.0,20.0,5.0,0.76,0.76245670995671,0.7536441336441337,500.0
509,5.0,20.0,6.0,0.76,0.7617640692640693,0.7564219114219115,500.0
510,5.0,20.0,7.0,0.73,0.731139546727782,0.7228108003108002,500.0
511,5.0,20.0,8.0,0.75,0.758087598675834,0.748451825951826,500.0
512,5.0,20.0,9.0,0.75,0.7711611917494271,0.748451825951826,500.0
513,5.0,20.0,10.0,0.73,0.7452704158586512,0.7262296037296037,500.0
514,5.0,20.0,11.0,0.71,0.7276956815114709,0.7035275835275836,500.0
515,5.0,20.0,12.0,0.72,0.7490924271806625,0.7146386946386947,500.0
516,5.0,20.0,13.0,0.74,0.7549490705373059,0.7368609168609168,500.0
517,5.0,20.0,14.0,0.74,0.7550868575868576,0.735951825951826,500.0
518,5.0,20.0,15.0,0.67,0.679484126984127,0.6594366744366744,500.0
519,5.0,20.0,16.0,0.68,0.7022113997113998,0.6705477855477855,500.0
520,5.0,20.0,17.0,0.71,0.7566643435683682,0.7030477855477855,500.0
521,5.0,20.0,18.0,0.67,0.7047988561146457,0.6563053613053613,500.0
522,5.0,20.0,19.0,0.68,0.7160733659185672,0.6688053613053613,500.0
523,5.0,20.0,20.0,0.66,0.6891686040138052,0.6520221445221446,500.0
524,5.0,20.0,21.0,0.68,0.7073186973844868,0.6756332556332557,500.0
525,5.0,20.0,22.0,0.68,0.7196077533577533,0.6767443667443669,500.0
526,5.0,20.0,23.0,0.69,0.7258107608765503,0.6833255633255634,500.0
527,5.0,20.0,24.0,0.68,0.7205846441140558,0.6699164724164725,500.0
528,5.0,20.0,1.0,0.77,0.7771864246864247,0.7632614607614607,500.0
529,5.0,20.0,2.0,0.74,0.7674923605805958,0.7374281274281275,500.0
530,5.0,20.0,3.0,0.74,0.75125,0.7375893550893551,500.0
531,5.0,20.0,4.0,0.77,0.773351370851371,0.7689782439782441,500.0
532,5.0,20.0,5.0,0.74,0.7377922077922079,0.7376748251748253,500.0
533,5.0,20.0,6.0,0.75,0.7522502497502497,0.7512859362859363,500.0
534,5.0,20.0,7.0,0.73,0.72991341991342,0.7242560217560218,500.0
535,5.0,20.0,8.0,0.75,0.7513519813519813,0.7501748251748253,500.0
536,5.0,20.0,9.0,0.77,0.7732486957486957,0.7675893550893551,500.0
537,5.0,20.0,10.0,0.77,0.7773756798756799,0.7662004662004662,500.0
538,5.0,20.0,11.0,0.76,0.7753418803418803,0.7587859362859363,500.0
539,5.0,20.0,12.0,0.77,0.7952553002553002,0.7650893550893552,500.0
540,5.0,20.0,13.0,0.76,0.7653968253968254,0.7505594405594406,500.0
541,5.0,20.0,14.0,0.74,0.7571581196581196,0.7406138306138306,500.0
542,5.0,20.0,15.0,0.73,0.7382844932844932,0.7283916083916084,500.0
543,5.0,20.0,16.0,0.74,0.7593882424764777,0.7383916083916084,500.0
544,5.0,20.0,17.0,0.74,0.7572270703153056,0.7418104118104119,500.0
545,5.0,20.0,18.0,0.7,0.7078070458952811,0.6970881895881896,500.0
546,5.0,20.0,19.0,0.7,0.7009464065346418,0.6980069930069931,500.0
547,5.0,20.0,20.0,0.69,0.6934572290454643,0.688006993006993,500.0
548,5.0,20.0,21.0,0.7,0.7106000861883215,0.700506993006993,500.0
549,5.0,20.0,22.0,0.69,0.6906794512676866,0.6866181041181042,500.0
550,5.0,20.0,23.0,0.68,0.6822410759175466,0.6789257964257965,500.0
551,5.0,20.0,24.0,0.69,0.7060505997270703,0.6914257964257965,500.0
552,5.0,20.0,1.0,0.83,0.8377491952491953,0.8304428904428904,500.0
553,5.0,20.0,2.0,0.8,0.8200649350649349,0.7929428904428905,500.0
554,5.0,20.0,3.0,0.79,0.8168777056277057,0.7900582750582751,500.0
555,5.0,20.0,4.0,0.82,0.8440422077922077,0.8216491841491841,500.0
556,5.0,20.0,5.0,0.81,0.8266558441558441,0.8125582750582749,500.0
557,5.0,20.0,6.0,0.79,0.8158974358974358,0.7886596736596736,500.0
558,5.0,20.0,7.0,0.77,0.7969372294372294,0.7718764568764569,500.0
559,5.0,20.0,8.0,0.79,0.8090440115440115,0.792987567987568,500.0
560,5.0,20.0,9.0,0.78,0.8111111111111111,0.7784576534576535,500.0
561,5.0,20.0,10.0,0.77,0.7997979797979797,0.7707653457653458,500.0
562,5.0,20.0,11.0,0.79,0.8150757575757576,0.7889471639471639,500.0
563,5.0,20.0,12.0,0.8,0.8241666666666667,0.800058275058275,500.0
564,5.0,20.0,13.0,0.8,0.8241666666666667,0.800058275058275,500.0
565,5.0,20.0,14.0,0.8,0.8241666666666667,0.800058275058275,500.0
566,5.0,20.0,15.0,0.79,0.8160714285714287,0.787558275058275,500.0
567,5.0,20.0,16.0,0.78,0.8010714285714287,0.776447163947164,500.0
568,5.0,20.0,17.0,0.79,0.8091666666666667,0.7889471639471639,500.0
569,5.0,20.0,18.0,0.8,0.8188492063492063,0.7980380730380731,500.0
570,5.0,20.0,19.0,0.78,0.7978116246498599,0.7764471639471638,500.0
571,5.0,20.0,20.0,0.77,0.7863992869875223,0.7687548562548563,500.0
572,5.0,20.0,21.0,0.77,0.7879505135387489,0.7673562548562548,500.0
573,5.0,20.0,22.0,0.76,0.7879505135387489,0.7596639471639471,500.0
574,5.0,20.0,23.0,0.77,0.7879505135387489,0.7673562548562548,500.0
575,5.0,20.0,24.0,0.76,0.7788596044478397,0.7596639471639471,500.0
576,5.0,20.0,1.0,0.79,0.7993931068931068,0.7860858585858586,500.0
577,5.0,20.0,2.0,0.8,0.8140476190476191,0.7937878787878787,500.0
578,5.0,20.0,3.0,0.83,0.8380605505605505,0.8260101010101011,500.0
579,5.0,20.0,4.0,0.81,0.8239610389610389,0.80239898989899,500.0
580,5.0,20.0,5.0,0.78,0.7930894105894106,0.7758838383838385,500.0
581,5.0,20.0,6.0,0.84,0.8512004662004664,0.8339898989898991,500.0
582,5.0,20.0,7.0,0.83,0.8384970584970585,0.8205808080808081,500.0
583,5.0,20.0,8.0,0.82,0.828464590964591,0.811489898989899,500.0
584,5.0,20.0,9.0,0.82,0.8290384615384616,0.8122474747474747,500.0
585,5.0,20.0,10.0,0.85,0.8581868131868132,0.8455808080808082,500.0
586,5.0,20.0,11.0,0.82,0.8339191364191365,0.811489898989899,500.0
587,5.0,20.0,12.0,0.82,0.8339191364191365,0.811489898989899,500.0
588,5.0,20.0,13.0,0.84,0.8506196581196581,0.83739898989899,500.0
589,5.0,20.0,14.0,0.83,0.8328152403152403,0.82739898989899,500.0
590,5.0,20.0,15.0,0.83,0.8400446775446776,0.82739898989899,500.0
591,5.0,20.0,16.0,0.84,0.8457264957264957,0.8398989898989899,500.0
592,5.0,20.0,17.0,0.85,0.851873681873682,0.848989898989899,500.0
593,5.0,20.0,18.0,0.84,0.8423498723498722,0.835580808080808,500.0
594,5.0,20.0,19.0,0.86,0.8663578088578088,0.8580808080808081,500.0
595,5.0,20.0,20.0,0.85,0.8545720945720946,0.8455808080808082,500.0
596,5.0,20.0,21.0,0.85,0.8587762237762236,0.8430808080808081,500.0
597,5.0,20.0,22.0,0.85,0.8625874125874124,0.8455808080808082,500.0
598,5.0,20.0,23.0,0.83,0.8461052836052836,0.8281565656565657,500.0
599,5.0,20.0,24.0,0.81,0.8258352758352758,0.8073232323232323,500.0
600,5.0,20.0,1.0,0.7666666666666667,0.7813701494583848,0.7693764568764568,600.0
601,5.0,20.0,2.0,0.775,0.7854273504273503,0.7681701631701633,600.0
602,5.0,20.0,3.0,0.775,0.7825990675990675,0.7740034965034965,600.0
603,5.0,20.0,4.0,0.775,0.775993450993451,0.77245337995338,600.0
604,5.0,20.0,5.0,0.7416666666666667,0.7420238095238094,0.7386625874125874,600.0
605,5.0,20.0,6.0,0.7666666666666667,0.7703479853479853,0.7659353146853147,600.0
606,5.0,20.0,7.0,0.775,0.7756210456210457,0.772229020979021,600.0
607,5.0,20.0,8.0,0.7666666666666667,0.7795770895770896,0.7654458041958042,600.0
608,5.0,20.0,9.0,0.7583333333333333,0.7627222777222779,0.7556701631701632,600.0
609,5.0,20.0,10.0,0.7666666666666667,0.77002664002664,0.7640034965034965,600.0
610,5.0,20.0,11.0,0.7583333333333333,0.7612187812187813,0.7556701631701632,600.0
611,5.0,20.0,12.0,0.75,0.7497785547785548,0.7477534965034967,600.0
612,5.0,20.0,13.0,0.7583333333333333,0.7702536679007268,0.7594201631701631,600.0
613,5.0,20.0,14.0,0.7583333333333333,0.7609965034965035,0.7577534965034965,600.0
614,5.0,20.0,15.0,0.7666666666666667,0.771381673881674,0.7654020979020979,600.0
615,5.0,20.0,16.0,0.7583333333333333,0.7697740563530037,0.7577534965034965,600.0
616,5.0,20.0,17.0,0.7416666666666667,0.7611733433405259,0.739303613053613,600.0
617,5.0,20.0,18.0,0.7416666666666667,0.7689646464646465,0.739303613053613,600.0
618,5.0,20.0,19.0,0.7416666666666667,0.7698805279687633,0.739303613053613,600.0
619,5.0,20.0,20.0,0.7333333333333333,0.7766374269005848,0.7309702797202797,600.0
620,5.0,20.0,21.0,0.75,0.7804558745348219,0.7455536130536131,600.0
621,5.0,20.0,22.0,0.7333333333333333,0.759785939894299,0.7281293706293706,600.0
622,5.0,20.0,23.0,0.75,0.7761480908152734,0.7441550116550115,600.0
623,5.0,20.0,24.0,0.7666666666666667,0.7848245614035088,0.7618473193473194,600.0
624,5.0,20.0,1.0,0.8166666666666667,0.8264194139194139,0.810862470862471,600.0
625,5.0,20.0,2.0,0.7916666666666666,0.8115797274620803,0.7802214452214453,600.0
626,5.0,20.0,3.0,0.8166666666666667,0.8257792207792208,0.8166200466200466,600.0
627,5.0,20.0,4.0,0.8416666666666667,0.8582412032412033,0.8434032634032634,600.0
628,5.0,20.0,5.0,0.85,0.8567260517260518,0.8507109557109557,600.0
629,5.0,20.0,6.0,0.8416666666666667,0.8483381895881896,0.8432867132867132,600.0
630,5.0,20.0,7.0,0.8416666666666667,0.8594143356643358,0.8446853146853147,600.0
631,5.0,20.0,8.0,0.8583333333333333,0.8732055444555445,0.86006993006993,600.0
632,5.0,20.0,9.0,0.8416666666666667,0.8657264957264956,0.844044289044289,600.0
633,5.0,20.0,10.0,0.8416666666666667,0.863978243978244,0.8434032634032634,600.0
634,5.0,20.0,11.0,0.825,0.844857364857365,0.8273776223776224,600.0
635,5.0,20.0,12.0,0.8333333333333334,0.8500089126559714,0.8357109557109558,600.0
636,5.0,20.0,13.0,0.8333333333333334,0.8625267714741398,0.8373776223776224,600.0
637,5.0,20.0,14.0,0.8083333333333333,0.8439133089133088,0.8157109557109556,600.0
638,5.0,20.0,15.0,0.8166666666666667,0.8516910866910867,0.82006993006993,600.0
639,5.0,20.0,16.0,0.8166666666666667,0.8516910866910867,0.82006993006993,600.0
640,5.0,20.0,17.0,0.8333333333333334,0.8674653124653124,0.8390442890442891,600.0
641,5.0,20.0,18.0,0.825,0.8597546897546897,0.8307109557109558,600.0
642,5.0,20.0,19.0,0.8333333333333334,0.8664213564213565,0.8384032634032634,600.0
643,5.0,20.0,20.0,0.825,0.8593650793650793,0.8293123543123544,600.0
644,5.0,20.0,21.0,0.8166666666666667,0.8524603174603174,0.820979020979021,600.0
645,5.0,20.0,22.0,0.8,0.8371428571428572,0.8055944055944056,600.0
646,5.0,20.0,23.0,0.8083333333333333,0.8435714285714285,0.8132867132867133,600.0
647,5.0,20.0,24.0,0.8166666666666667,0.8504761904761905,0.8216200466200465,600.0
648,5.0,20.0,1.0,0.8333333333333334,0.8369878487525547,0.8331235431235431,600.0
649,5.0,20.0,2.0,0.8083333333333333,0.8263818860877684,0.8031895881895881,600.0
650,5.0,20.0,3.0,0.825,0.8471106671106672,0.8216083916083916,600.0
651,5.0,20.0,4.0,0.8333333333333334,0.8566849163907987,0.8351437451437451,600.0
652,5.0,20.0,5.0,0.7833333333333333,0.801396528308293,0.7804662004662005,600.0
653,5.0,20.0,6.0,0.8,0.8226409048467872,0.7958508158508159,600.0
654,5.0,20.0,7.0,0.8,0.8256759545923632,0.7986285936285936,600.0
655,5.0,20.0,8.0,0.7916666666666666,0.8057761437908496,0.7913209013209013,600.0
656,5.0,20.0,9.0,0.7833333333333333,0.8006639928698751,0.7843861693861693,600.0
657,5.0,20.0,10.0,0.775,0.7951398601398602,0.7787451437451438,600.0
658,5.0,20.0,11.0,0.7666666666666667,0.7794041416100239,0.771052836052836,600.0
659,5.0,20.0,12.0,0.7666666666666667,0.7874200146258971,0.7716938616938618,600.0
660,5.0,20.0,13.0,0.75,0.7617320261437908,0.749825174825175,600.0
661,5.0,20.0,14.0,0.7416666666666667,0.7442717086834734,0.7400932400932401,600.0
662,5.0,20.0,15.0,0.7583333333333333,0.7642063492063491,0.7568764568764569,600.0
663,5.0,20.0,16.0,0.775,0.7818578643578643,0.766033411033411,600.0
664,5.0,20.0,17.0,0.7833333333333333,0.7984848484848485,0.7815889665889666,600.0
665,5.0,20.0,18.0,0.775,0.8000698939863027,0.7714724164724165,600.0
666,5.0,20.0,19.0,0.775,0.791339735256144,0.7694522144522146,600.0
667,5.0,20.0,20.0,0.7583333333333333,0.7796538918597742,0.7571134421134421,600.0
668,5.0,20.0,21.0,0.7416666666666667,0.7617769077327902,0.7427544677544679,600.0
669,5.0,20.0,22.0,0.75,0.7633225108225108,0.746002331002331,600.0
670,5.0,20.0,23.0,0.7333333333333333,0.7485937755055403,0.7316433566433567,600.0
671,5.0,20.0,24.0,0.75,0.7617806213394449,0.7498251748251749,600.0
672,5.0,20.0,1.0,0.8416666666666667,0.8362033799533799,0.8396037296037295,600.0
673,5.0,20.0,2.0,0.8166666666666667,0.8181294848941908,0.8156177156177156,600.0
674,5.0,20.0,3.0,0.8166666666666667,0.8225313575313574,0.8142191142191143,600.0
675,5.0,20.0,4.0,0.8166666666666667,0.8220100732600732,0.8142191142191143,600.0
676,5.0,20.0,5.0,0.825,0.8306410256410256,0.8257342657342658,600.0
677,5.0,20.0,6.0,0.8083333333333333,0.8087820512820512,0.8084615384615386,600.0
678,5.0,20.0,7.0,0.7833333333333333,0.7846361971361973,0.7802797202797203,600.0
679,5.0,20.0,8.0,0.8083333333333333,0.8178966866466867,0.8070629370629371,600.0
680,5.0,20.0,9.0,0.8083333333333333,0.807819264069264,0.8070629370629371,600.0
681,5.0,20.0,10.0,0.7833333333333333,0.788979908979909,0.7822144522144522,600.0
682,5.0,20.0,11.0,0.7833333333333333,0.791005661005661,0.7822144522144522,600.0
683,5.0,20.0,12.0,0.7916666666666666,0.7964356476856477,0.7899067599067598,600.0
684,5.0,20.0,13.0,0.7916666666666666,0.7992097118567707,0.7899067599067598,600.0
685,5.0,20.0,14.0,0.7833333333333333,0.7868086080586081,0.7822144522144522,600.0
686,5.0,20.0,15.0,0.7916666666666666,0.7968086080586081,0.7899067599067598,600.0
687,5.0,20.0,16.0,0.8,0.8025874125874125,0.7975990675990675,600.0
688,5.0,20.0,17.0,0.8,0.8134731934731935,0.7962004662004663,600.0
689,5.0,20.0,18.0,0.7916666666666666,0.7963736263736264,0.7885081585081586,600.0
690,5.0,20.0,19.0,0.8,0.8064107461166283,0.7962004662004663,600.0
691,5.0,20.0,20.0,0.8,0.8078709525768349,0.7975990675990676,600.0
692,5.0,20.0,21.0,0.8083333333333333,0.8136401833460656,0.8042657342657342,600.0
693,5.0,20.0,22.0,0.8,0.8062592309651132,0.7951748251748253,600.0
694,5.0,20.0,23.0,0.775,0.7778768780239369,0.7706993006993007,600.0
695,5.0,20.0,24.0,0.7916666666666666,0.7937592309651132,0.7860839160839161,600.0
696,5.0,20.0,1.0,0.8416666666666667,0.8443406593406593,0.8428517316017317,600.0
697,5.0,20.0,2.0,0.8166666666666667,0.8280540293040295,0.8142532467532468,600.0
698,5.0,20.0,3.0,0.8166666666666667,0.8181351981351982,0.8145346320346321,600.0
699,5.0,20.0,4.0,0.8333333333333334,0.8320637695637695,0.8319588744588744,600.0
700,5.0,20.0,5.0,0.8083333333333333,0.8228779553779553,0.8094751082251083,600.0
701,5.0,20.0,6.0,0.85,0.8708343943638062,0.8513311688311689,600.0
702,5.0,20.0,7.0,0.8166666666666667,0.8325641025641026,0.8164826839826841,600.0
703,5.0,20.0,8.0,0.8166666666666667,0.8216132478632477,0.8145508658008659,600.0
704,5.0,20.0,9.0,0.8166666666666667,0.8279624542124543,0.8145508658008659,600.0
705,5.0,20.0,10.0,0.8333333333333334,0.844695720945721,0.8319751082251082,600.0
706,5.0,20.0,11.0,0.8416666666666667,0.8610327172827172,0.8410660173160173,600.0
707,5.0,20.0,12.0,0.8416666666666667,0.8523214285714286,0.8398755411255412,600.0
708,5.0,20.0,13.0,0.8333333333333334,0.8454532967032966,0.8327326839826841,600.0
709,5.0,20.0,14.0,0.8166666666666667,0.8350370462870463,0.8145508658008659,600.0
710,5.0,20.0,15.0,0.8166666666666667,0.8296997446997446,0.8173917748917748,600.0
711,5.0,20.0,16.0,0.825,0.8412113621672445,0.8236417748917748,600.0
712,5.0,20.0,17.0,0.7916666666666666,0.807874347874348,0.7892099567099568,600.0
713,5.0,20.0,18.0,0.8,0.8181252815811639,0.7954599567099567,600.0
714,5.0,20.0,19.0,0.7833333333333333,0.8016493963552789,0.7808766233766233,600.0
715,5.0,20.0,20.0,0.7833333333333333,0.8020809092867918,0.779361471861472,600.0
716,5.0,20.0,21.0,0.7833333333333333,0.7944023378582202,0.7801190476190476,600.0
717,5.0,20.0,22.0,0.7583333333333333,0.770758547008547,0.7528463203463204,600.0
718,5.0,20.0,23.0,0.75,0.7573260073260074,0.7452705627705628,600.0
719,5.0,20.0,24.0,0.7583333333333333,0.7727106227106227,0.7543614718614718,600.0
720,5.0,20.0,1.0,0.8142857142857143,0.818858225108225,0.8163064713064714,700.0
721,5.0,20.0,2.0,0.8071428571428572,0.8166568669548546,0.8063064713064714,700.0
722,5.0,20.0,3.0,0.8071428571428572,0.8144271170006465,0.8078937728937727,700.0
723,5.0,20.0,4.0,0.8214285714285714,0.8214743589743589,0.8183638583638583,700.0
724,5.0,20.0,5.0,0.7928571428571428,0.8050828995565837,0.7914713064713065,700.0
725,5.0,20.0,6.0,0.8071428571428572,0.8208974358974359,0.8095604395604395,700.0
726,5.0,20.0,7.0,0.8142857142857143,0.8258704453441295,0.8177289377289376,700.0
727,5.0,20.0,8.0,0.8142857142857143,0.8208812755871581,0.8156654456654456,700.0
728,5.0,20.0,9.0,0.8071428571428572,0.8152629972366814,0.8107509157509156,700.0
729,5.0,20.0,10.0,0.8071428571428572,0.8126347921084763,0.8123382173382172,700.0
730,5.0,20.0,11.0,0.8071428571428572,0.8164346764346764,0.8128144078144077,700.0
731,5.0,20.0,12.0,0.8,0.8088274230069896,0.8044810744810744,700.0
732,5.0,20.0,13.0,0.7928571428571428,0.8040928515928517,0.7989255189255189,700.0
733,5.0,20.0,14.0,0.7785714285714286,0.7966310882100356,0.7840903540903541,700.0
734,5.0,20.0,15.0,0.7714285714285715,0.8032655502392345,0.7779731379731379,700.0
735,5.0,20.0,16.0,0.7642857142857142,0.7862824842855802,0.7698046398046399,700.0
736,5.0,20.0,17.0,0.7357142857142858,0.7630507358138937,0.7448840048840049,700.0
737,5.0,20.0,18.0,0.7428571428571429,0.7669266354560472,0.751001221001221,700.0
738,5.0,20.0,19.0,0.7428571428571429,0.7752625152625152,0.751001221001221,700.0
739,5.0,20.0,20.0,0.7428571428571429,0.7692429208218682,0.7482234432234433,700.0
740,5.0,20.0,21.0,0.7428571428571429,0.757092352092352,0.7475824175824176,700.0
741,5.0,20.0,22.0,0.75,0.7772963878227036,0.7559157509157509,700.0
742,5.0,20.0,23.0,0.7428571428571429,0.7576256423315247,0.7482234432234433,700.0
743,5.0,20.0,24.0,0.7357142857142858,0.7434126984126983,0.7405311355311356,700.0
744,5.0,20.0,1.0,0.85,0.8584830528948176,0.8444139194139193,700.0
745,5.0,20.0,2.0,0.8428571428571429,0.8512601214574899,0.8371945701357466,700.0
746,5.0,20.0,3.0,0.8571428571428571,0.8593363336010394,0.8518648998060762,700.0
747,5.0,20.0,4.0,0.8785714285714286,0.8848726930963775,0.8753415212238742,700.0
748,5.0,20.0,5.0,0.85,0.8530709486591839,0.8459825468648997,700.0
749,5.0,20.0,6.0,0.8857142857142857,0.887268858592388,0.8823195432018961,700.0
750,5.0,20.0,7.0,0.8714285714285714,0.8769904875825928,0.8669349278172807,700.0
751,5.0,20.0,8.0,0.8928571428571429,0.8949056825527414,0.8871762551174317,700.0
752,5.0,20.0,9.0,0.8928571428571429,0.8929531742767038,0.8872678302090066,700.0
753,5.0,20.0,10.0,0.8928571428571429,0.89625,0.8890777849601379,700.0
754,5.0,20.0,11.0,0.8571428571428571,0.8606819895790483,0.852099762982116,700.0
755,5.0,20.0,12.0,0.8714285714285714,0.8787194423223834,0.8681254040077568,700.0
756,5.0,20.0,13.0,0.8642857142857143,0.8696285332314744,0.8597920706744236,700.0
757,5.0,20.0,14.0,0.8928571428571429,0.9055088422928981,0.890103425985779,700.0
758,5.0,20.0,15.0,0.8571428571428571,0.8653615991851286,0.8540012928248222,700.0
759,5.0,20.0,16.0,0.8357142857142857,0.8487804026039321,0.8308327946563241,700.0
760,5.0,20.0,17.0,0.8428571428571429,0.8623385111620406,0.8385251023486318,700.0
761,5.0,20.0,18.0,0.8428571428571429,0.8666350479585774,0.8397856065503124,700.0
762,5.0,20.0,19.0,0.8357142857142857,0.8572637029293375,0.8308327946563241,700.0
763,5.0,20.0,20.0,0.8357142857142857,0.8514700521356866,0.8308327946563241,700.0
764,5.0,20.0,21.0,0.8428571428571429,0.8578858422279474,0.8385251023486318,700.0
765,5.0,20.0,22.0,0.8285714285714286,0.8480294486215538,0.8259760827407886,700.0
766,5.0,20.0,23.0,0.8214285714285714,0.8418389724310776,0.8182837750484809,700.0
767,5.0,20.0,24.0,0.8285714285714286,0.8515276171197224,0.8259760827407886,700.0
768,5.0,20.0,1.0,0.8428571428571429,0.852373949579832,0.8430305968541264,700.0
769,5.0,20.0,2.0,0.8071428571428572,0.809817143640673,0.8029971988795518,700.0
770,5.0,20.0,3.0,0.8357142857142857,0.8431947734927612,0.834151045033398,700.0
771,5.0,20.0,4.0,0.8285714285714286,0.8330295195001078,0.8270997629821158,700.0
772,5.0,20.0,5.0,0.8071428571428572,0.8091798642533936,0.8063822452057746,700.0
773,5.0,20.0,6.0,0.8214285714285714,0.8209539969834087,0.8212174100409394,700.0
774,5.0,20.0,7.0,0.8071428571428572,0.8101392724922135,0.8081189398836457,700.0
775,5.0,20.0,8.0,0.8071428571428572,0.8149423860453272,0.80747791424262,700.0
776,5.0,20.0,9.0,0.7928571428571428,0.804392850441612,0.7941445809092869,700.0
777,5.0,20.0,10.0,0.7857142857142857,0.7902168419815478,0.7872365869424693,700.0
778,5.0,20.0,11.0,0.7928571428571428,0.793476915241621,0.7935951303598363,700.0
779,5.0,20.0,12.0,0.8,0.8065473170620228,0.8019284636931696,700.0
780,5.0,20.0,13.0,0.7857142857142857,0.7955349109954373,0.7870932988580048,700.0
781,5.0,20.0,14.0,0.7785714285714286,0.7896159469185785,0.779400991165697,700.0
782,5.0,20.0,15.0,0.7714285714285715,0.7822205353126406,0.7717086834733894,700.0
783,5.0,20.0,16.0,0.7785714285714286,0.7891932603000715,0.7812109459168284,700.0
784,5.0,20.0,17.0,0.7714285714285715,0.7835163228584282,0.7753285929756519,700.0
785,5.0,20.0,18.0,0.7714285714285715,0.7835163228584282,0.7753285929756519,700.0
786,5.0,20.0,19.0,0.7928571428571428,0.7963802399870512,0.7960461107519932,700.0
787,5.0,20.0,20.0,0.7714285714285715,0.7840804783451842,0.7753285929756519,700.0
788,5.0,20.0,21.0,0.7642857142857142,0.7718825910931175,0.7694462400344754,700.0
789,5.0,20.0,22.0,0.7785714285714286,0.7821299288946348,0.782471450118509,700.0
790,5.0,20.0,23.0,0.7714285714285715,0.7777035537561854,0.7765890971773326,700.0
791,5.0,20.0,24.0,0.7714285714285715,0.780429599640126,0.7765890971773326,700.0
792,5.0,20.0,1.0,0.8642857142857143,0.868235294117647,0.8598868778280544,700.0
793,5.0,20.0,2.0,0.8428571428571429,0.8505190504295363,0.8398868778280544,700.0
794,5.0,20.0,3.0,0.8357142857142857,0.8322104611075198,0.8338612368024132,700.0
795,5.0,20.0,4.0,0.8285714285714286,0.828398856045915,0.8290045248868777,700.0
796,5.0,20.0,5.0,0.8214285714285714,0.821105512134924,0.819260935143288,700.0
797,5.0,20.0,6.0,0.8357142857142857,0.8338957855869621,0.8348868778280544,700.0
798,5.0,20.0,7.0,0.8142857142857143,0.813942716640085,0.8107843137254902,700.0
799,5.0,20.0,8.0,0.8428571428571429,0.8400196617108382,0.842579185520362,700.0
800,5.0,20.0,9.0,0.85,0.8512650339856223,0.8482202111613877,700.0
801,5.0,20.0,10.0,0.85,0.8536865503777269,0.8492458521870286,700.0
802,5.0,20.0,11.0,0.8428571428571429,0.8460093582887701,0.841553544494721,700.0
803,5.0,20.0,12.0,0.8285714285714286,0.8289464212258331,0.8271945701357465,700.0
804,5.0,20.0,13.0,0.8285714285714286,0.8278641701435818,0.8271945701357465,700.0
805,5.0,20.0,14.0,0.8142857142857143,0.817691483353248,0.8128355957767722,700.0
806,5.0,20.0,15.0,0.8071428571428572,0.8102519732589393,0.804502262443439,700.0
807,5.0,20.0,16.0,0.8214285714285714,0.8248914565826331,0.8188612368024133,700.0
808,5.0,20.0,17.0,0.8142857142857143,0.8146772426919485,0.8111689291101054,700.0
809,5.0,20.0,18.0,0.8071428571428572,0.8099089829159489,0.803476621417798,700.0
810,5.0,20.0,19.0,0.8071428571428572,0.8179916896828662,0.803476621417798,700.0
811,5.0,20.0,20.0,0.8071428571428572,0.8179916896828662,0.803476621417798,700.0
812,5.0,20.0,21.0,0.8,0.8102993819905585,0.7957843137254902,700.0
813,5.0,20.0,22.0,0.7928571428571428,0.7975204942116706,0.7880920060331825,700.0
814,5.0,20.0,23.0,0.7714285714285715,0.7834942426854191,0.7660407239819005,700.0
815,5.0,20.0,24.0,0.7714285714285715,0.7759850851762616,0.7660407239819005,700.0
816,5.0,20.0,1.0,0.8142857142857143,0.8275177763413059,0.8123321123321123,700.0
817,5.0,20.0,2.0,0.8428571428571429,0.8608388618605337,0.8397130647130646,700.0
818,5.0,20.0,3.0,0.8214285714285714,0.8336194945405472,0.8199511599511599,700.0
819,5.0,20.0,4.0,0.8642857142857143,0.8727574712868831,0.8623321123321123,700.0
820,5.0,20.0,5.0,0.8285714285714286,0.8513503734827264,0.8282051282051281,700.0
821,5.0,20.0,6.0,0.8357142857142857,0.8523932195255725,0.8353479853479854,700.0
822,5.0,20.0,7.0,0.8285714285714286,0.8527503716090672,0.8276556776556776,700.0
823,5.0,20.0,8.0,0.8214285714285714,0.8414413364413365,0.8197985347985348,700.0
824,5.0,20.0,9.0,0.8285714285714286,0.8495629370629372,0.8292307692307693,700.0
825,5.0,20.0,10.0,0.8285714285714286,0.848845598845599,0.8297802197802199,700.0
826,5.0,20.0,11.0,0.8214285714285714,0.8439051226551226,0.822087912087912,700.0
827,5.0,20.0,12.0,0.8142857142857143,0.8320604395604396,0.8138461538461538,700.0
828,5.0,20.0,13.0,0.8071428571428572,0.8300106837606839,0.8060622710622711,700.0
829,5.0,20.0,14.0,0.8,0.8188748506395566,0.7999572649572649,700.0
830,5.0,20.0,15.0,0.7928571428571428,0.8159829059829061,0.7928144078144078,700.0
831,5.0,20.0,16.0,0.8071428571428572,0.8265745365745367,0.8082905982905982,700.0
832,5.0,20.0,17.0,0.8,0.8238913863913865,0.8011477411477411,700.0
833,5.0,20.0,18.0,0.7857142857142857,0.8065934065934066,0.7872588522588523,700.0
834,5.0,20.0,19.0,0.7928571428571428,0.8198473748473749,0.7928144078144078,700.0
835,5.0,20.0,20.0,0.7857142857142857,0.8113217338217339,0.7888461538461538,700.0
836,5.0,20.0,21.0,0.7928571428571428,0.8207600732600733,0.7944017094017094,700.0
837,5.0,20.0,22.0,0.7928571428571428,0.8248656898656899,0.7944017094017094,700.0
838,5.0,20.0,23.0,0.7857142857142857,0.817197271327706,0.7872588522588523,700.0
839,5.0,20.0,24.0,0.8,0.8284284917980571,0.8015445665445666,700.0
840,5.0,20.0,1.0,0.8625,0.8658643261623139,0.8625439210772028,800.0
841,5.0,20.0,2.0,0.83125,0.8389880952380953,0.8278864440513047,800.0
842,5.0,20.0,3.0,0.8625,0.8741615681360262,0.8619090004422821,800.0
843,5.0,20.0,4.0,0.825,0.8284617038448309,0.8203269202417809,800.0
844,5.0,20.0,5.0,0.81875,0.825620286576169,0.8165758145363409,800.0
845,5.0,20.0,6.0,0.84375,0.8465984673221516,0.8396021303258145,800.0
846,5.0,20.0,7.0,0.83125,0.8420337608727702,0.8288732861565679,800.0
847,5.0,20.0,8.0,0.8375,0.8503968253968253,0.8342794486215539,800.0
848,5.0,20.0,9.0,0.84375,0.8466066681856155,0.838923411469851,800.0
849,5.0,20.0,10.0,0.8375,0.8407767748247623,0.8336602535751144,800.0
850,5.0,20.0,11.0,0.825,0.8324535771246298,0.8218546980195587,800.0
851,5.0,20.0,12.0,0.825,0.8358995974785447,0.8213627819548872,800.0
852,5.0,20.0,13.0,0.8125,0.8216571732361204,0.8098496240601504,800.0
853,5.0,20.0,14.0,0.81875,0.8317084304584303,0.8160996240601504,800.0
854,5.0,20.0,15.0,0.8125,0.8265167580957054,0.8112531328320802,800.0
855,5.0,20.0,16.0,0.8125,0.8246812664459723,0.8122399749373432,800.0
856,5.0,20.0,17.0,0.81875,0.8326262626262626,0.8189066416040098,800.0
857,5.0,20.0,18.0,0.80625,0.8195216328144717,0.80656015037594,800.0
858,5.0,20.0,19.0,0.80625,0.8377140733662471,0.8083803258145362,800.0
859,5.0,20.0,20.0,0.8,0.8269082125603864,0.801296992481203,800.0
860,5.0,20.0,21.0,0.8,0.8200658761528328,0.7998934837092733,800.0
861,5.0,20.0,22.0,0.8,0.8186724888383926,0.8010045948203842,800.0
862,5.0,20.0,23.0,0.7875,0.813001294408617,0.787795530492899,800.0
863,5.0,20.0,24.0,0.78125,0.8082393896467123,0.7829490392648287,800.0
864,5.0,20.0,1.0,0.8875,0.8909892378003834,0.8843172268907562,800.0
865,5.0,20.0,2.0,0.89375,0.9031848852901485,0.8914600840336135,800.0
866,5.0,20.0,3.0,0.8875,0.8940780873753009,0.8861374023293529,800.0
867,5.0,20.0,4.0,0.8875,0.8921681655118189,0.8876004349108065,800.0
868,5.0,20.0,5.0,0.8625,0.8716124871001032,0.864157452454666,800.0
869,5.0,20.0,6.0,0.875,0.8799290505675955,0.8760872770160695,800.0
870,5.0,20.0,7.0,0.8875,0.8963743918620078,0.8895291537667699,800.0
871,5.0,20.0,8.0,0.85625,0.8656605975723621,0.8569696299572461,800.0
872,5.0,20.0,9.0,0.8375,0.8419864612511672,0.8387407857879994,800.0
873,5.0,20.0,10.0,0.825,0.8304165605636193,0.8252539436827362,800.0
874,5.0,20.0,11.0,0.84375,0.8500666352910935,0.843111086539879,800.0
875,5.0,20.0,12.0,0.8375,0.8409652194211017,0.8364444198732123,800.0
876,5.0,20.0,13.0,0.825,0.8287429971988794,0.824514595311809,800.0
877,5.0,20.0,14.0,0.84375,0.8486061307113939,0.8422777532065456,800.0
878,5.0,20.0,15.0,0.85,0.8571241830065357,0.849361086539879,800.0
879,5.0,20.0,16.0,0.85,0.8585813515689675,0.8489444198732123,800.0
880,5.0,20.0,17.0,0.85625,0.8673725603601765,0.8556110865398789,800.0
881,5.0,20.0,18.0,0.8625,0.8743158376711009,0.8622777532065455,800.0
882,5.0,20.0,19.0,0.8625,0.8743158376711009,0.8622777532065455,800.0
883,5.0,20.0,20.0,0.8625,0.8743158376711009,0.8622777532065455,800.0
884,5.0,20.0,21.0,0.8625,0.8743990001226842,0.863264595311809,800.0
885,5.0,20.0,22.0,0.8625,0.8721459899749373,0.8622777532065455,800.0
886,5.0,20.0,23.0,0.84375,0.8604968805704099,0.845501437417072,800.0
887,5.0,20.0,24.0,0.85,0.8651585134141669,0.8518109612265959,800.0
888,5.0,20.0,1.0,0.89375,0.8981924409439888,0.8919141604010026,800.0
889,5.0,20.0,2.0,0.875,0.8777886002886003,0.8712249373433583,800.0
890,5.0,20.0,3.0,0.86875,0.8788383838383836,0.8653425844021818,800.0
891,5.0,20.0,4.0,0.85,0.8592841635862231,0.8463784461152883,800.0
892,5.0,20.0,5.0,0.86875,0.8727895131184604,0.8667460931741118,800.0
893,5.0,20.0,6.0,0.875,0.8813351560719982,0.8722117794486216,800.0
894,5.0,20.0,7.0,0.8625,0.8706517489218728,0.860281954887218,800.0
895,5.0,20.0,8.0,0.86875,0.8790541037909458,0.8674248120300753,800.0
896,5.0,20.0,9.0,0.86875,0.8849569995222168,0.8688283208020049,800.0
897,5.0,20.0,10.0,0.8625,0.8802838827838828,0.8630545112781955,800.0
898,5.0,20.0,11.0,0.8625,0.8776648351648351,0.8620676691729324,800.0
899,5.0,20.0,12.0,0.8625,0.8720655637717153,0.8615914786967419,800.0
900,5.0,20.0,13.0,0.85625,0.8680724692329551,0.8572211779448622,800.0
901,5.0,20.0,14.0,0.8625,0.8752631788501354,0.8638878446115289,800.0
902,5.0,20.0,15.0,0.85625,0.8682625040863027,0.8572211779448622,800.0
903,5.0,20.0,16.0,0.84375,0.8604939668174962,0.8443045112781956,800.0
904,5.0,20.0,17.0,0.81875,0.8292788094818988,0.8188388250036857,800.0
905,5.0,20.0,18.0,0.8375,0.8490569628954674,0.8371616541353383,800.0
906,5.0,20.0,19.0,0.825,0.8350450937950937,0.8246126345274952,800.0
907,5.0,20.0,20.0,0.83125,0.8432395382395382,0.8323746867167919,800.0
908,5.0,20.0,21.0,0.8125,0.8193814699792963,0.8135756671089489,800.0
909,5.0,20.0,22.0,0.83125,0.8401536986405407,0.8313878446115289,800.0
910,5.0,20.0,23.0,0.81875,0.8294868366927192,0.817375792422232,800.0
911,5.0,20.0,24.0,0.8125,0.8242694805194806,0.8130994766327582,800.0
912,5.0,20.0,1.0,0.88125,0.8835560436295731,0.8770092510688485,800.0
913,5.0,20.0,2.0,0.85625,0.8691508654743949,0.8502235367831343,800.0
914,5.0,20.0,3.0,0.8625,0.8680265567765568,0.8582592510688485,800.0
915,5.0,20.0,4.0,0.8625,0.863806485911749,0.8590925844021818,800.0
916,5.0,20.0,5.0,0.85,0.8508383798863676,0.8457592510688485,800.0
917,5.0,20.0,6.0,0.85,0.8567765567765567,0.8461759177355151,800.0
918,5.0,20.0,7.0,0.84375,0.8458104395604396,0.8395092510688485,800.0
919,5.0,20.0,8.0,0.84375,0.8420628494312705,0.8403425844021818,800.0
920,5.0,20.0,9.0,0.84375,0.8420628494312705,0.8403425844021818,800.0
921,5.0,20.0,10.0,0.83125,0.8283677944862156,0.8278425844021818,800.0
922,5.0,20.0,11.0,0.8375,0.8385326296510506,0.8340925844021818,800.0
923,5.0,20.0,12.0,0.825,0.8279611668001762,0.8206997272593248,800.0
924,5.0,20.0,13.0,0.825,0.8278191970568131,0.8202830605926582,800.0
925,5.0,20.0,14.0,0.825,0.8278191970568131,0.8202830605926582,800.0
926,5.0,20.0,15.0,0.825,0.8278191970568131,0.8202830605926582,800.0
927,5.0,20.0,16.0,0.825,0.8278191970568131,0.8202830605926582,800.0
928,5.0,20.0,17.0,0.8125,0.8175438106784856,0.8073663939259914,800.0
929,5.0,20.0,18.0,0.81875,0.8223677857230488,0.8140330605926582,800.0
930,5.0,20.0,19.0,0.8125,0.8175438106784856,0.8073663939259914,800.0
931,5.0,20.0,20.0,0.8,0.8086802232854865,0.7944497272593247,800.0
932,5.0,20.0,21.0,0.8,0.8036802232854864,0.7948663939259915,800.0
933,5.0,20.0,22.0,0.8125,0.8188270084748414,0.8077830605926583,800.0
934,5.0,20.0,23.0,0.7875,0.7919670388091442,0.7818411838419579,800.0
935,5.0,20.0,24.0,0.79375,0.799561770358984,0.7899113592805544,800.0
936,5.0,20.0,1.0,0.85,0.8568937048503612,0.8466666666666667,800.0
937,5.0,20.0,2.0,0.84375,0.8464349376114082,0.8387499999999999,800.0
938,5.0,20.0,3.0,0.8625,0.8654211169807144,0.8575000000000002,800.0
939,5.0,20.0,4.0,0.89375,0.8966006645573209,0.8899999999999999,800.0
940,5.0,20.0,5.0,0.8875,0.8877527151211361,0.8841666666666667,800.0
941,5.0,20.0,6.0,0.89375,0.8970987612318881,0.8899999999999999,800.0
942,5.0,20.0,7.0,0.89375,0.8970987612318881,0.8899999999999999,800.0
943,5.0,20.0,8.0,0.875,0.8841811873197323,0.8704166666666666,800.0
944,5.0,20.0,9.0,0.86875,0.8845562057481562,0.8645833333333334,800.0
945,5.0,20.0,10.0,0.8625,0.879084069525246,0.8579166666666668,800.0
946,5.0,20.0,11.0,0.86875,0.8843974755894262,0.8645833333333333,800.0
947,5.0,20.0,12.0,0.86875,0.883957336523126,0.8658333333333333,800.0
948,5.0,20.0,13.0,0.85,0.8813639490884071,0.8470833333333333,800.0
949,5.0,20.0,14.0,0.85,0.8665320386527815,0.8462500000000001,800.0
950,5.0,20.0,15.0,0.85625,0.8756608265315696,0.8529166666666667,800.0
951,5.0,20.0,16.0,0.84375,0.8620377350024677,0.8395833333333333,800.0
952,5.0,20.0,17.0,0.84375,0.8620377350024677,0.8395833333333333,800.0
953,5.0,20.0,18.0,0.84375,0.855121610845295,0.8387499999999999,800.0
954,5.0,20.0,19.0,0.8375,0.8499681020733652,0.8320833333333333,800.0
955,5.0,20.0,20.0,0.83125,0.8434981684981684,0.8270833333333334,800.0
956,5.0,20.0,21.0,0.825,0.8411260308319133,0.8204166666666668,800.0
957,5.0,20.0,22.0,0.8375,0.8469850106034317,0.8333333333333334,800.0
958,5.0,20.0,23.0,0.81875,0.8425717033224773,0.8145833333333334,800.0
959,5.0,20.0,24.0,0.81875,0.8425717033224773,0.8145833333333334,800.0
960,5.0,20.0,1.0,0.8555555555555555,0.8562229102167181,0.8550088456435205,900.0
961,5.0,20.0,2.0,0.8111111111111111,0.8170536664842762,0.8082295198781267,900.0
962,5.0,20.0,3.0,0.8611111111111112,0.8661396472464584,0.860639650597081,900.0
963,5.0,20.0,4.0,0.85,0.853091049817056,0.8478128532114602,900.0
964,5.0,20.0,5.0,0.8388888888888889,0.8408680695771824,0.8389834881320949,900.0
965,5.0,20.0,6.0,0.8666666666666667,0.8762808089743075,0.8661952061526366,900.0
966,5.0,20.0,7.0,0.8666666666666667,0.8705569026776457,0.8668488009238784,900.0
967,5.0,20.0,8.0,0.8611111111111112,0.8730124544096816,0.8624545432207972,900.0
968,5.0,20.0,9.0,0.8555555555555555,0.8663878045497375,0.8562045432207972,900.0
969,5.0,20.0,10.0,0.8444444444444444,0.8526388888888888,0.8450934321096859,900.0
970,5.0,20.0,11.0,0.8611111111111112,0.8709608580274215,0.8611000540567104,900.0
971,5.0,20.0,12.0,0.8555555555555555,0.8621533235426424,0.8565313406064181,900.0
972,5.0,20.0,13.0,0.8555555555555555,0.8634195906432749,0.8562045432207972,900.0
973,5.0,20.0,14.0,0.8333333333333334,0.8427038809144072,0.8326342817828886,900.0
974,5.0,20.0,15.0,0.8277777777777777,0.8363159413685729,0.8275047299621603,900.0
975,5.0,20.0,16.0,0.8166666666666667,0.8277287040444936,0.8164928252002556,900.0
976,5.0,20.0,17.0,0.8277777777777777,0.8399175093911936,0.8275047299621603,900.0
977,5.0,20.0,18.0,0.8055555555555556,0.8176592121328964,0.8043604722590791,900.0
978,5.0,20.0,19.0,0.8111111111111111,0.8245415695415697,0.8106104722590791,900.0
979,5.0,20.0,20.0,0.8166666666666667,0.8298351940457204,0.8164928252002556,900.0
980,5.0,20.0,21.0,0.8055555555555556,0.8208160552897394,0.8054809204383508,900.0
981,5.0,20.0,22.0,0.8111111111111111,0.8224840484592807,0.8124253648827953,900.0
982,5.0,20.0,23.0,0.8166666666666667,0.8256059265811588,0.8168196225858765,900.0
983,5.0,20.0,24.0,0.7944444444444444,0.8064441041414726,0.7951477959604895,900.0
984,5.0,20.0,1.0,0.8777777777777778,0.8821891472820267,0.8746002874834143,900.0
985,5.0,20.0,2.0,0.8777777777777778,0.8840205627705628,0.8756967787114845,900.0
986,5.0,20.0,3.0,0.8833333333333333,0.8862938596491228,0.883295985060691,900.0
987,5.0,20.0,4.0,0.8944444444444445,0.897766290726817,0.8928197945845004,900.0
988,5.0,20.0,5.0,0.8833333333333333,0.8851933141677725,0.8832615853358888,900.0
989,5.0,20.0,6.0,0.8611111111111112,0.8647320842212484,0.8606373163300409,900.0
990,5.0,20.0,7.0,0.85,0.8542377724614566,0.8506466533982013,900.0
991,5.0,20.0,8.0,0.8388888888888889,0.8436497493734336,0.838047447048995,900.0
992,5.0,20.0,9.0,0.8555555555555555,0.8581481749244908,0.854952208953757,900.0
993,5.0,20.0,10.0,0.85,0.8514114441629921,0.8481466533982015,900.0
994,5.0,20.0,11.0,0.8388888888888889,0.8398544266191325,0.8364706496633743,900.0
995,5.0,20.0,12.0,0.8388888888888889,0.841345654689308,0.8369375030714041,900.0
996,5.0,20.0,13.0,0.8111111111111111,0.8132091592617909,0.8086940390191165,900.0
997,5.0,20.0,14.0,0.85,0.8511737677527151,0.8480486141825152,900.0
998,5.0,20.0,15.0,0.8222222222222222,0.8280755501808134,0.8204108924271463,900.0
999,5.0,20.0,16.0,0.8333333333333334,0.8419128549469107,0.8330988009238783,900.0
1000,5.0,20.0,17.0,0.8444444444444444,0.8550610706802658,0.8441107056857831,900.0
1001,5.0,20.0,18.0,0.8444444444444444,0.8547135832004253,0.8441107056857831,900.0
1002,5.0,20.0,19.0,0.8388888888888889,0.8499189261031367,0.8374930586269596,900.0
1003,5.0,20.0,20.0,0.8388888888888889,0.8443757412178465,0.8389811538650548,900.0
1004,5.0,20.0,21.0,0.8388888888888889,0.8446597846597846,0.8389811538650548,900.0
1005,5.0,20.0,22.0,0.8333333333333334,0.8410211426000899,0.8330988009238783,900.0
1006,5.0,20.0,23.0,0.8388888888888889,0.8479310591967074,0.838327559093813,900.0
1007,5.0,20.0,24.0,0.8222222222222222,0.8327510228139519,0.8209664479827019,900.0
1008,5.0,20.0,1.0,0.8666666666666667,0.862920843776107,0.8630496137849079,900.0
1009,5.0,20.0,2.0,0.8388888888888889,0.8379238632211778,0.833596999405823,900.0
1010,5.0,20.0,3.0,0.8444444444444444,0.8445485130811218,0.8404597445038622,900.0
1011,5.0,20.0,4.0,0.8444444444444444,0.846884217004186,0.8401329471182413,900.0
1012,5.0,20.0,5.0,0.8888888888888888,0.8906244778613199,0.8858957219251338,900.0
1013,5.0,20.0,6.0,0.8333333333333334,0.8360218071402283,0.8313279857397504,900.0
1014,5.0,20.0,7.0,0.8611111111111112,0.8654390054390054,0.8591169043374925,900.0
1015,5.0,20.0,8.0,0.8388888888888889,0.8433925903817544,0.8389148841354723,900.0
1016,5.0,20.0,9.0,0.8333333333333334,0.8479682097564719,0.8316547831253713,900.0
1017,5.0,20.0,10.0,0.8222222222222222,0.8329763796911125,0.8202168746286393,900.0
1018,5.0,20.0,11.0,0.8555555555555555,0.8630354737468752,0.8545306001188354,900.0
1019,5.0,20.0,12.0,0.8333333333333334,0.8390982104410897,0.8329916815210933,900.0
1020,5.0,20.0,13.0,0.8444444444444444,0.849864937693885,0.8434194890077243,900.0
1021,5.0,20.0,14.0,0.8444444444444444,0.8489192592752964,0.8427250445632799,900.0
1022,5.0,20.0,15.0,0.85,0.8554865967365968,0.8486073975044564,900.0
1023,5.0,20.0,16.0,0.8555555555555555,0.8599602809471231,0.853152852049911,900.0
1024,5.0,20.0,17.0,0.85,0.8528636933242195,0.8472704991087345,900.0
1025,5.0,20.0,18.0,0.8444444444444444,0.8473087022757234,0.841388146167558,900.0
1026,5.0,20.0,19.0,0.8388888888888889,0.8406299462491413,0.8358325906120024,900.0
1027,5.0,20.0,20.0,0.8388888888888889,0.8422056379293222,0.8358325906120024,900.0
1028,5.0,20.0,21.0,0.8388888888888889,0.8422056379293222,0.8358325906120024,900.0
1029,5.0,20.0,22.0,0.8333333333333334,0.8334627859240861,0.8299502376708258,900.0
1030,5.0,20.0,23.0,0.8277777777777777,0.8282976672450356,0.8254047831253715,900.0
1031,5.0,20.0,24.0,0.8222222222222222,0.8218401395645977,0.8208593285799168,900.0
1032,5.0,20.0,1.0,0.8111111111111111,0.8113081277167964,0.8072979797979798,900.0
1033,5.0,20.0,2.0,0.8333333333333334,0.8364883881280771,0.8289646464646465,900.0
1034,5.0,20.0,3.0,0.85,0.848005324139225,0.8475920974450386,900.0
1035,5.0,20.0,4.0,0.8388888888888889,0.8355104433077578,0.8348061497326202,900.0
1036,5.0,20.0,5.0,0.8388888888888889,0.8386922949958014,0.8351329471182414,900.0
1037,5.0,20.0,6.0,0.8388888888888889,0.8399436090225564,0.8372051396316103,900.0
1038,5.0,20.0,7.0,0.8444444444444444,0.8515149865614262,0.8427198455139632,900.0
1039,5.0,20.0,8.0,0.8444444444444444,0.8503258145363409,0.8427198455139632,900.0
1040,5.0,20.0,9.0,0.8333333333333334,0.8415432812801233,0.8312410873440286,900.0
1041,5.0,20.0,10.0,0.8222222222222222,0.8286755349913244,0.8187819370172311,900.0
1042,5.0,20.0,11.0,0.8277777777777777,0.8335608251397725,0.8250319370172312,900.0
1043,5.0,20.0,12.0,0.8333333333333334,0.834874686716792,0.8309142899584077,900.0
1044,5.0,20.0,13.0,0.8222222222222222,0.8279065379065379,0.819108734402852,900.0
1045,5.0,20.0,14.0,0.8333333333333334,0.8400555000555,0.8309142899584077,900.0
1046,5.0,20.0,15.0,0.8111111111111111,0.8164889788573999,0.8086809269162212,900.0
1047,5.0,20.0,16.0,0.8111111111111111,0.8152438789280895,0.8083541295306003,900.0
1048,5.0,20.0,17.0,0.8166666666666667,0.8187966711650922,0.8142364824717767,900.0
1049,5.0,20.0,18.0,0.8,0.8021512113617376,0.7962217765894237,900.0
1050,5.0,20.0,19.0,0.7944444444444444,0.7978654970760234,0.7906662210338682,900.0
1051,5.0,20.0,20.0,0.8,0.8042731829573935,0.7965485739750446,900.0
1052,5.0,20.0,21.0,0.7944444444444444,0.7993974519632414,0.79200311942959,900.0
1053,5.0,20.0,22.0,0.8,0.8067887448808502,0.79825311942959,900.0
1054,5.0,20.0,23.0,0.7888888888888889,0.7996500434064372,0.7874576648841355,900.0
1055,5.0,20.0,24.0,0.7888888888888889,0.7979374285359275,0.7874576648841355,900.0
1056,5.0,20.0,1.0,0.8444444444444444,0.8439384557650811,0.843811428080004,900.0
1057,5.0,20.0,2.0,0.8611111111111112,0.8608936709108332,0.8587728512457614,900.0
1058,5.0,20.0,3.0,0.8611111111111112,0.8601837258029208,0.8588499434861664,900.0
1059,5.0,20.0,4.0,0.8833333333333333,0.8795921175487738,0.8818010098776352,900.0
1060,5.0,20.0,5.0,0.8722222222222222,0.8697434763379036,0.8706554990417219,900.0
1061,5.0,20.0,6.0,0.8666666666666667,0.8612434366459134,0.8635347560076662,900.0
1062,5.0,20.0,7.0,0.8666666666666667,0.8620221509656494,0.8641539510541059,900.0
1063,5.0,20.0,8.0,0.8666666666666667,0.8625199641260013,0.8641539510541059,900.0
1064,5.0,20.0,9.0,0.8555555555555555,0.855969396530542,0.853142046292201,900.0
1065,5.0,20.0,10.0,0.8555555555555555,0.8533564302914147,0.853142046292201,900.0
1066,5.0,20.0,11.0,0.8555555555555555,0.855296574770259,0.8537612413386407,900.0
1067,5.0,20.0,12.0,0.8611111111111112,0.8612536895509031,0.8585231461005455,900.0
1068,5.0,20.0,13.0,0.8666666666666667,0.867361295395351,0.8644054990417219,900.0
1069,5.0,20.0,14.0,0.8555555555555555,0.8584670008354219,0.8529675905449899,900.0
1070,5.0,20.0,15.0,0.85,0.8514031496539237,0.8470852376038135,900.0
1071,5.0,20.0,16.0,0.8555555555555555,0.8547864759939063,0.8534688436778219,900.0
1072,5.0,20.0,17.0,0.8277777777777777,0.8234468524251806,0.8246354243451766,900.0
1073,5.0,20.0,18.0,0.8611111111111112,0.86103255404726,0.8588499434861664,900.0
1074,5.0,20.0,19.0,0.8333333333333334,0.8325847093223254,0.8305177772863532,900.0
1075,5.0,20.0,20.0,0.85,0.8494153275345226,0.8474120349894344,900.0
1076,5.0,20.0,21.0,0.8388888888888889,0.8338854489164087,0.835279682048258,900.0
1077,5.0,20.0,22.0,0.8388888888888889,0.8397230040341496,0.8349120349894343,900.0
1078,5.0,20.0,23.0,0.8277777777777777,0.8258462332301342,0.8242677772863531,900.0
1079,5.0,20.0,24.0,0.8222222222222222,0.8201289989680083,0.8190046193916164,900.0
1080,5.0,20.0,1.0,0.845,0.8424276105282971,0.8436449456975772,1000.0
1081,5.0,20.0,2.0,0.85,0.8522123407992973,0.8466148705096073,1000.0
1082,5.0,20.0,3.0,0.865,0.8717498307692815,0.8616131996658313,1000.0
1083,5.0,20.0,4.0,0.855,0.8628193507484125,0.852141186299081,1000.0
1084,5.0,20.0,5.0,0.855,0.8582154706468209,0.8543751044277361,1000.0
1085,5.0,20.0,6.0,0.855,0.8674568668046929,0.8564001670843776,1000.0
1086,5.0,20.0,7.0,0.86,0.8686437685121895,0.8619874686716793,1000.0
1087,5.0,20.0,8.0,0.835,0.844212134129014,0.8366424394319131,1000.0
1088,5.0,20.0,9.0,0.84,0.8506767990463644,0.843200501253133,1000.0
1089,5.0,20.0,10.0,0.845,0.8539255335307967,0.8461687552213869,1000.0
1090,5.0,20.0,11.0,0.835,0.8459903464194081,0.8382005012531328,1000.0
1091,5.0,20.0,12.0,0.83,0.8432729551150603,0.8326449456975773,1000.0
1092,5.0,20.0,13.0,0.85,0.8588812712242515,0.8527243107769424,1000.0
1093,5.0,20.0,14.0,0.83,0.8414012001444361,0.8329055973266499,1000.0
1094,5.0,20.0,15.0,0.835,0.8439616531447195,0.8366131996658313,1000.0
1095,5.0,20.0,16.0,0.835,0.8439150940592588,0.8368763575605682,1000.0
1096,5.0,20.0,17.0,0.825,0.8352570854012502,0.8268512949039264,1000.0
1097,5.0,20.0,18.0,0.825,0.8346879545575199,0.8268512949039266,1000.0
1098,5.0,20.0,19.0,0.82,0.8347513597513597,0.8202389306599833,1000.0
1099,5.0,20.0,20.0,0.83,0.8431139112603644,0.8310576441102757,1000.0
1100,5.0,20.0,21.0,0.82,0.8337671469136,0.8207401837928154,1000.0
1101,5.0,20.0,22.0,0.82,0.8342934627030736,0.8212414369256475,1000.0
1102,5.0,20.0,23.0,0.82,0.8342934627030736,0.8212414369256475,1000.0
1103,5.0,20.0,24.0,0.8,0.81057865898827,0.8006900584795321,1000.0
1104,5.0,20.0,1.0,0.89,0.8880198602567022,0.8872073365231259,1000.0
1105,5.0,20.0,2.0,0.885,0.8862164913465559,0.8835289739500265,1000.0
1106,5.0,20.0,3.0,0.865,0.8664668976945192,0.865207336523126,1000.0
1107,5.0,20.0,4.0,0.855,0.856406525060617,0.8543987240829345,1000.0
1108,5.0,20.0,5.0,0.885,0.8901828801349263,0.8850069112174376,1000.0
1109,5.0,20.0,6.0,0.88,0.8795231559096145,0.8784454317612213,1000.0
1110,5.0,20.0,7.0,0.89,0.8898537021077066,0.8908197007670692,1000.0
1111,5.0,20.0,8.0,0.875,0.8738336783988958,0.8758095997569681,1000.0
1112,5.0,20.0,9.0,0.855,0.8539690372369737,0.8565756816283132,1000.0
1113,5.0,20.0,10.0,0.86,0.8597173589635563,0.8600493658388395,1000.0
1114,5.0,20.0,11.0,0.86,0.8598754627015495,0.8599908863066756,1000.0
1115,5.0,20.0,12.0,0.865,0.8655439055866434,0.8649908863066758,1000.0
1116,5.0,20.0,13.0,0.855,0.8548090582186691,0.8564454317612211,1000.0
1117,5.0,20.0,14.0,0.85,0.849410803222891,0.851474671527303,1000.0
1118,5.0,20.0,15.0,0.855,0.8555746978078382,0.8567378294220399,1000.0
1119,5.0,20.0,16.0,0.855,0.856193892854278,0.8567378294220399,1000.0
1120,5.0,20.0,17.0,0.86,0.8611990120228107,0.861708589655958,1000.0
1121,5.0,20.0,18.0,0.865,0.8680485294457565,0.8669717475506948,1000.0
1122,5.0,20.0,19.0,0.86,0.8614412843703463,0.8632641452115136,1000.0
1123,5.0,20.0,20.0,0.86,0.8610720642185173,0.8624555327713221,1000.0
1124,5.0,20.0,21.0,0.855,0.8551515811927711,0.8571923748765853,1000.0
1125,5.0,20.0,22.0,0.84,0.8416137074065464,0.841373661426293,1000.0
1126,5.0,20.0,23.0,0.835,0.8373825762188932,0.837373661426293,1000.0
1127,5.0,20.0,24.0,0.84,0.8412175506774375,0.8426368193210297,1000.0
1128,5.0,20.0,1.0,0.895,0.8924933298331468,0.8938003341687553,1000.0
1129,5.0,20.0,2.0,0.84,0.8418826222087092,0.8376641604010026,1000.0
1130,5.0,20.0,3.0,0.875,0.8719619883040937,0.8737460317460318,1000.0
1131,5.0,20.0,4.0,0.88,0.8804976053731943,0.8787460317460317,1000.0
1132,5.0,20.0,5.0,0.875,0.8743894182386913,0.8742222222222221,1000.0
1133,5.0,20.0,6.0,0.87,0.8709589124325966,0.8676349206349206,1000.0
1134,5.0,20.0,7.0,0.865,0.8673590009024792,0.8623717627401838,1000.0
1135,5.0,20.0,8.0,0.865,0.8621746411483253,0.8623968253968254,1000.0
1136,5.0,20.0,9.0,0.845,0.8447355137048232,0.8428730158730158,1000.0
1137,5.0,20.0,10.0,0.85,0.8514259212318169,0.8494285714285714,1000.0
1138,5.0,20.0,11.0,0.84,0.8408379289792333,0.8386349206349205,1000.0
1139,5.0,20.0,12.0,0.85,0.8521158294674919,0.8483717627401838,1000.0
1140,5.0,20.0,13.0,0.86,0.8610422548466026,0.8586349206349206,1000.0
1141,5.0,20.0,14.0,0.85,0.8477512911065542,0.8465238095238096,1000.0
1142,5.0,20.0,15.0,0.85,0.8483788068656489,0.8462857142857143,1000.0
1143,5.0,20.0,16.0,0.855,0.854010572088207,0.8512857142857143,1000.0
1144,5.0,20.0,17.0,0.855,0.8537176975706725,0.852079365079365,1000.0
1145,5.0,20.0,18.0,0.84,0.8406541898709416,0.8365238095238094,1000.0
1146,5.0,20.0,19.0,0.835,0.8332732374899894,0.8309682539682541,1000.0
1147,5.0,20.0,20.0,0.84,0.8391850021958718,0.835968253968254,1000.0
1148,5.0,20.0,21.0,0.835,0.8332732374899894,0.8309682539682541,1000.0
1149,5.0,20.0,22.0,0.83,0.8268260242173285,0.825968253968254,1000.0
1150,5.0,20.0,23.0,0.83,0.83078140742463,0.8267619047619048,1000.0
1151,5.0,20.0,24.0,0.825,0.8241462533630053,0.8214444444444446,1000.0
1152,5.0,20.0,1.0,0.89,0.891861025111799,0.8894987468671678,1000.0
1153,5.0,20.0,2.0,0.865,0.8744685403587006,0.8631495405179616,1000.0
1154,5.0,20.0,3.0,0.87,0.8736760055800976,0.869657477025898,1000.0
1155,5.0,20.0,4.0,0.88,0.8797397764773924,0.8778320802005011,1000.0
1156,5.0,20.0,5.0,0.88,0.8843590314913843,0.8788638262322472,1000.0
1157,5.0,20.0,6.0,0.885,0.8843566302118934,0.8828320802005012,1000.0
1158,5.0,20.0,7.0,0.845,0.8477906162464987,0.8437050960735171,1000.0
1159,5.0,20.0,8.0,0.84,0.8406884057971015,0.8379114452798664,1000.0
1160,5.0,20.0,9.0,0.86,0.8635501621701313,0.8584670008354219,1000.0
1161,5.0,20.0,10.0,0.875,0.8842385684490948,0.8737844611528823,1000.0
1162,5.0,20.0,11.0,0.87,0.8795336242704664,0.8690225563909776,1000.0
1163,5.0,20.0,12.0,0.86,0.8669741004609424,0.8579114452798663,1000.0
1164,5.0,20.0,13.0,0.855,0.8644077681577681,0.8531495405179615,1000.0
1165,5.0,20.0,14.0,0.845,0.8507305194805195,0.8431495405179616,1000.0
1166,5.0,20.0,15.0,0.84,0.8514399635452266,0.8372765246449457,1000.0
1167,5.0,20.0,16.0,0.83,0.8410834998334998,0.8278320802005013,1000.0
1168,5.0,20.0,17.0,0.84,0.848395589917329,0.838189223057644,1000.0
1169,5.0,20.0,18.0,0.84,0.8499141155093841,0.8387447786131996,1000.0
1170,5.0,20.0,19.0,0.825,0.8316745247506117,0.8228717627401838,1000.0
1171,5.0,20.0,20.0,0.83,0.8395179313440183,0.8284273182957393,1000.0
1172,5.0,20.0,21.0,0.84,0.8538403598901312,0.8384273182957394,1000.0
1173,5.0,20.0,22.0,0.83,0.8404826333087202,0.8278717627401839,1000.0
1174,5.0,20.0,23.0,0.825,0.8312199792960662,0.8228717627401838,1000.0
1175,5.0,20.0,24.0,0.825,0.8312199792960662,0.8228717627401838,1000.0
1176,5.0,20.0,1.0,0.87,0.863744713446019,0.8658142414860681,1000.0
1177,5.0,20.0,2.0,0.875,0.871391660343067,0.8711291955378643,1000.0
1178,5.0,20.0,3.0,0.85,0.8514406356868329,0.8445257260799057,1000.0
1179,5.0,20.0,4.0,0.885,0.882266081871345,0.8827759595066096,1000.0
1180,5.0,20.0,5.0,0.88,0.8770833333333332,0.8762744115189935,1000.0
1181,5.0,20.0,6.0,0.89,0.8859920710935316,0.8861567644601699,1000.0
1182,5.0,20.0,7.0,0.88,0.8789629173267617,0.8766329549363604,1000.0
1183,5.0,20.0,8.0,0.88,0.8805833333333333,0.8766872573590838,1000.0
1184,5.0,20.0,9.0,0.885,0.8870642639206714,0.8821885104919159,1000.0
1185,5.0,20.0,10.0,0.89,0.8896274282544306,0.8869504152538207,1000.0
1186,5.0,20.0,11.0,0.87,0.8706294515934104,0.866281094894098,1000.0
1187,5.0,20.0,12.0,0.87,0.8718849713798562,0.8665442527888347,1000.0
1188,5.0,20.0,13.0,0.855,0.8630833333333335,0.8530204432650252,1000.0
1189,5.0,20.0,14.0,0.865,0.8714509803921568,0.8625442527888347,1000.0
1190,5.0,20.0,15.0,0.855,0.8577062637411945,0.8520204432650254,1000.0
1191,5.0,20.0,16.0,0.855,0.8561578274330328,0.8517572853702884,1000.0
1192,5.0,20.0,17.0,0.85,0.8509927087539821,0.8467572853702885,1000.0
1193,5.0,20.0,18.0,0.845,0.8446796732006719,0.8416368371910167,1000.0
1194,5.0,20.0,19.0,0.845,0.8446228030842043,0.8409636345766376,1000.0
1195,5.0,20.0,20.0,0.845,0.8466868033254492,0.8405825347682934,1000.0
1196,5.0,20.0,21.0,0.845,0.8496772574018167,0.8414648877094697,1000.0
1197,5.0,20.0,22.0,0.84,0.8387450633189966,0.8355825347682933,1000.0
1198,5.0,20.0,23.0,0.84,0.838077221215093,0.8363444395301981,1000.0
1199,5.0,20.0,24.0,0.84,0.8368111393437481,0.8350812816354611,1000.0
