,iteraciones,difference_norm,time
0,0.0,41952.063237240734,28217897.0
1,2000.0,262.78019252171623,166518894.0
2,4000.0,25.52010949559116,265777041.0
3,6000.0,6.191749597689913,382582931.0
4,8000.0,2.60374836304955,507281423.0
5,10000.0,1.056775264046416,646893260.0
6,12000.0,0.0008667112948140244,752160261.0
7,14000.0,0.22284788685494708,856048519.0
8,16000.0,0.1406484411161214,974780399.0
9,18000.0,0.13263015752837634,1213167500.0
10,20000.0,0.39462245654539685,1403910542.0
11,22000.0,0.21836793006966976,1406306048.0
12,24000.0,0.0811404949433809,1593699473.0
13,26000.0,0.01654112012633213,1648097442.0
14,28000.0,0.032401038788684854,1819235686.0
15,30000.0,0.0003201970050405478,1861621127.0
16,32000.0,3.1785290600438997e-06,1954876597.0
17,34000.0,0.000361744105610633,2143192635.0
18,36000.0,0.001448578300452965,2363347349.0
19,38000.0,0.000570747078892282,2420952818.0
20,40000.0,0.00015198845145395268,2631126266.0
21,0.0,42468.94416570318,10807707.0
22,2000.0,338.53082343005707,142556602.0
23,4000.0,51.1202763207517,272167205.0
24,6000.0,2.0794012099472465,382412694.0
25,8000.0,0.15854807231456633,504794143.0
26,10000.0,0.41607314078254054,632568152.0
27,12000.0,0.30520538986498186,752729062.0
28,14000.0,0.10743543326263282,879604665.0
29,16000.0,0.00033526655006532735,985464683.0
30,18000.0,0.0008883466161766318,1101209797.0
31,20000.0,0.006488023230489022,1244634236.0
32,22000.0,0.20207372837261559,1375457258.0
33,24000.0,0.00039170320984671214,1497339305.0
34,26000.0,0.002376752519882439,1625134090.0
35,28000.0,2.24683936833614e-07,1751046950.0
36,30000.0,2.517802394486068e-07,1897981261.0
37,32000.0,0.003392354181377355,1981307371.0
38,34000.0,3.789115944119459e-06,2140253910.0
39,36000.0,9.791009554227515e-08,2241554329.0
40,38000.0,7.567000350761078e-08,2353838682.0
41,40000.0,6.956311793260284e-08,2470414911.0
42,0.0,42708.33561939624,10815482.0
43,2000.0,195.68516366460622,140427148.0
44,4000.0,5.100972531034787,259777447.0
45,6000.0,0.43041317178396843,379231033.0
46,8000.0,1.0048426851175372,510586656.0
47,10000.0,0.5375333404521038,629895137.0
48,12000.0,0.029796570371717904,768073391.0
49,14000.0,7.070921135266238,905744449.0
50,16000.0,8.010519461606437,999783954.0
51,18000.0,0.0322359502958733,1109423668.0
52,20000.0,2.863782246189858,1244304467.0
53,22000.0,0.00017226337808892822,1421215357.0
54,24000.0,0.09314232600563307,1487873147.0
55,26000.0,0.02383942242009425,1665117679.0
56,28000.0,0.08791058490527391,1944083278.0
57,30000.0,0.006103569301851479,2100522791.0
58,32000.0,0.0013700442104655508,2041448437.0
59,34000.0,0.0006680410038804041,2139329776.0
60,36000.0,8.158268147703041e-05,2254377756.0
61,38000.0,0.0009743953018148232,2405975075.0
62,40000.0,0.00011795897011253942,2510509888.0
63,0.0,40542.35430702753,10925889.0
64,2000.0,179.61087445027027,137059130.0
65,4000.0,13.021185718770711,261750873.0
66,6000.0,4.929087338113927,381176738.0
67,8000.0,9.006720136876236,518210751.0
68,10000.0,6.970811545708106,657753560.0
69,12000.0,4.068290995465207,747005424.0
70,14000.0,0.8760215953136669,865764280.0
71,16000.0,2.383281967257943,1079746099.0
72,18000.0,3.3994048568155755,1166448023.0
73,20000.0,7.617497155439579,1240877911.0
74,22000.0,1.0340437398163032,1341594224.0
75,24000.0,2.66530831821344,1489283056.0
76,26000.0,0.033290396384191095,1626575100.0
77,28000.0,0.06240745797300176,1749985213.0
78,30000.0,0.5444812118407806,1984983852.0
79,32000.0,1.5152536675136503,2054717040.0
80,34000.0,0.42132863740009974,2154653777.0
81,36000.0,0.8795841178473868,2225702253.0
82,38000.0,0.08868931843466298,2426843023.0
83,40000.0,0.04006166448178459,2621566885.0
84,0.0,134077.9739018776,10935750.0
85,2000.0,246.58964162020885,144650512.0
86,4000.0,56.807539088595696,291504847.0
87,6000.0,23.026101664020352,401269076.0
88,8000.0,1.859787369693021,540509968.0
89,10000.0,0.4517861599389213,660808506.0
90,12000.0,0.03958343662010947,787368210.0
91,14000.0,0.007039145096162003,874842419.0
92,16000.0,0.002487338655206306,1051238232.0
93,18000.0,0.0013258980495253953,1137322029.0
94,20000.0,9.184117556255617e-05,1297623516.0
95,22000.0,0.00021788265004457576,1361302211.0
96,24000.0,4.865730465812762e-05,1470656088.0
97,26000.0,1.1739786638594042e-06,1600799116.0
98,28000.0,7.497227689606534e-06,1736862024.0
99,30000.0,6.22825710208108e-07,1859285814.0
100,32000.0,1.5443096487710584e-07,2016570459.0
101,34000.0,4.4302811585961164e-09,2081377560.0
102,36000.0,9.2194301895554e-09,2246358042.0
103,38000.0,3.3743463301316724e-10,2352201718.0
104,40000.0,2.0301074889206296e-08,2464513314.0
105,0.0,41322.53541202908,10846220.0
106,2000.0,279.77338223653555,133919741.0
107,4000.0,22.266159030508252,255650419.0
108,6000.0,1.157210084994992,377701103.0
109,8000.0,0.1976553800932595,500680890.0
110,10000.0,0.01294389166717906,627978707.0
111,12000.0,4.693531576641874e-05,758999289.0
112,14000.0,2.365935380375106e-06,875648562.0
113,16000.0,3.184870745442936e-07,991287926.0
114,18000.0,3.264229913924055e-08,1108735128.0
115,20000.0,4.857147004599938e-09,1230773259.0
116,22000.0,2.2354885942377224e-10,1370038406.0
117,24000.0,1.7330403778714754e-10,1489795591.0
118,26000.0,1.3386905806100913e-10,1583666870.0
119,28000.0,1.1042111225378903e-10,1711322296.0
120,30000.0,9.3890051289236e-11,1895854054.0
121,32000.0,1.1104749120249835e-10,2035176937.0
122,34000.0,1.1388728182737395e-10,2145035010.0
123,36000.0,1.307295960373267e-10,2305051561.0
124,38000.0,1.318299425179248e-10,2400706149.0
125,40000.0,9.550884527698144e-11,2565864050.0
126,0.0,42472.24659345818,10856710.0
127,2000.0,647.400489126208,131478300.0
128,4000.0,101.40891331446123,256293143.0
129,6000.0,40.917212210000976,442286831.0
130,8000.0,16.987385560307768,544020471.0
131,10000.0,3.9976450371866976,663701629.0
132,12000.0,0.10881929872480517,777319136.0
133,14000.0,0.0308355461386288,894444856.0
134,16000.0,0.0006427570212789213,1018781785.0
135,18000.0,0.014665537489043512,1177545761.0
136,20000.0,9.090649094856574e-05,1338095072.0
137,22000.0,0.004711951683749156,1374243615.0
138,24000.0,2.4557341205806436e-05,1476248796.0
139,26000.0,0.00014825270276725534,1607144228.0
140,28000.0,5.96869505216091e-06,1701124032.0
141,30000.0,0.0005106292348681407,1825443864.0
142,32000.0,1.342853291141921e-07,1968181643.0
143,34000.0,6.134889166187207e-06,2071732552.0
144,36000.0,5.0878044214535126e-05,2208977980.0
145,38000.0,1.7086861282322729e-07,2382697684.0
146,40000.0,2.0054033242900005e-08,2514964083.0
147,0.0,42135.23172766493,10785026.0
148,2000.0,159.23088570487621,138416481.0
149,4000.0,26.72831191492966,258207598.0
150,6000.0,10.656034433919977,382024052.0
151,8000.0,2.192024690314945,498709853.0
152,10000.0,0.7999691619582495,626587684.0
153,12000.0,15.987575791441477,746023911.0
154,14000.0,0.027399535864450257,895080518.0
155,16000.0,0.0008019279764961596,987393584.0
156,18000.0,0.5565025245753757,1120383066.0
157,20000.0,0.000696763117228798,1224706430.0
158,22000.0,0.01410762125005924,1360174130.0
159,24000.0,5.2963452082863686e-05,1467642587.0
160,26000.0,0.0007209541440201405,1583073013.0
161,28000.0,0.0006252331676262202,1705527343.0
162,30000.0,4.0649747177212705e-08,1824049361.0
163,32000.0,8.091259647699189e-05,1945192924.0
164,34000.0,7.485271859458464e-05,2073949101.0
165,36000.0,0.00017907792440780668,2189969741.0
166,38000.0,5.2923510714251164e-05,2336094242.0
167,40000.0,2.5905621116137923e-05,2444294534.0
168,0.0,88447.72114998754,10991392.0
169,2000.0,497.40099737034996,131939205.0
170,4000.0,167.6345213943236,254425587.0
171,6000.0,97.39377622214275,375231871.0
172,8000.0,13.52900471412297,503898507.0
173,10000.0,10.255493866821782,624320791.0
174,12000.0,3.046092187047902,806605363.0
175,14000.0,0.27281226604052633,952438054.0
176,16000.0,0.18840041344589153,988268660.0
177,18000.0,2.3319983727572353,1107856271.0
178,20000.0,0.6831007141219423,1313486812.0
179,22000.0,0.8559565105368874,1343405915.0
180,24000.0,0.007960590362045421,1519532061.0
181,26000.0,0.0004312481941533619,1659463276.0
182,28000.0,0.8210373802928171,1797965861.0
183,30000.0,0.015280269798052765,1891542582.0
184,32000.0,0.00023800505470464195,2047551440.0
185,34000.0,0.021946606190081822,2145167586.0
186,36000.0,5.4933491356754516e-05,2311749769.0
187,38000.0,0.00014711347355921944,2485315468.0
188,40000.0,0.00024861086200359315,2670141818.0
189,0.0,41616.963458670594,10860567.0
190,2000.0,189.8366316189748,133688988.0
191,4000.0,17.54983633699308,276610664.0
192,6000.0,4.2631029436262775,441612022.0
193,8000.0,1.1668185016838952,527539925.0
194,10000.0,0.12973653787278508,653191257.0
195,12000.0,6.551628103974599,747061530.0
196,14000.0,0.00920687335642747,928305410.0
197,16000.0,0.0002223591386855328,1046238512.0
198,18000.0,0.0011182775566594373,1261692250.0
199,20000.0,5.298673676443766e-06,1359117422.0
200,22000.0,1.37085017506422e-07,1426535536.0
201,24000.0,3.941423211342165e-06,1509259724.0
202,26000.0,3.707832914701115e-08,1609306517.0
203,28000.0,2.037455038017555e-09,1790241901.0
204,30000.0,1.1449578862787746e-09,1975326843.0
205,32000.0,1.8001393931044162e-10,2398527216.0
206,34000.0,1.1825532997278288e-10,2516600646.0
207,36000.0,3.896896649813186e-10,2271837996.0
208,38000.0,1.172112540359649e-10,2393877179.0
209,40000.0,1.191123510935199e-10,2484253330.0
210,0.0,65127.001276798714,10886415.0
211,2000.0,225.42416812564954,138430008.0
212,4000.0,28.177102732593017,255940219.0
213,6000.0,9.832809406717082,388813916.0
214,8000.0,12.452459009775662,520906468.0
215,10000.0,4.199990335217396,632896755.0
216,12000.0,0.18042464774357525,754294852.0
217,14000.0,0.057601479369974416,902489305.0
218,16000.0,0.01152000903617406,999196964.0
219,18000.0,0.002663497489471496,1121277357.0
220,20000.0,0.004097060466304327,1270861996.0
221,22000.0,0.00017468433335650956,1412325493.0
222,24000.0,6.134225617230982e-05,1590043865.0
223,26000.0,0.00041975782431379115,1615472496.0
224,28000.0,3.396848819505749e-06,1802199868.0
225,30000.0,6.776920361332372e-05,1915700113.0
226,32000.0,2.1382171148331964e-06,1992907404.0
227,34000.0,9.836196028345512e-08,2181579666.0
228,36000.0,2.8138072167394056e-07,2324763874.0
229,38000.0,3.460508722241684e-07,2346570227.0
230,40000.0,2.579926672297006e-10,2449687921.0
231,0.0,43058.82792558841,10829498.0
232,2000.0,176.50953210294384,132036840.0
233,4000.0,14.514041779688558,254321279.0
234,6000.0,8.331283560484623,375683314.0
235,8000.0,1.745183907561071,499150489.0
236,10000.0,0.191280908375048,618321354.0
237,12000.0,0.8662392149041964,738380582.0
238,14000.0,0.3926563574106702,860657686.0
239,16000.0,0.0031328481715034505,981358705.0
240,18000.0,0.0017254008285540435,1114651924.0
241,20000.0,0.0036940111365532497,1238652743.0
242,22000.0,9.21461448938946e-05,1347754030.0
243,24000.0,9.080697393287273e-05,1467133305.0
244,26000.0,2.117409382137933e-05,1591440383.0
245,28000.0,5.626810832145735e-06,1707964135.0
246,30000.0,1.1096101099875748e-07,1825239328.0
247,32000.0,1.4492674678148678e-06,1949195869.0
248,34000.0,3.4388753046125967e-06,2068059584.0
249,36000.0,2.1055220991863143e-05,2190255568.0
250,38000.0,2.208428105625608e-07,2310958225.0
251,40000.0,1.2955187764511663e-09,2430312475.0
252,0.0,42218.024021742094,10831772.0
253,2000.0,234.86120759544843,131611936.0
254,4000.0,9.448892397665698,252884084.0
255,6000.0,2.9426786661833986,374329054.0
256,8000.0,1.5340178325157243,496551993.0
257,10000.0,0.267114674950405,624765903.0
258,12000.0,0.027808166578233227,745932611.0
259,14000.0,0.10208724248335671,859570543.0
260,16000.0,0.001979680052211705,985010833.0
261,18000.0,0.0016612846998701513,1107438913.0
262,20000.0,0.0001339770740513302,1221641660.0
263,22000.0,0.0004134314371088976,1342888181.0
264,24000.0,0.0005116807768567356,1474257610.0
265,26000.0,0.006312733825343599,1579943808.0
266,28000.0,0.0015618227828886689,1705074720.0
267,30000.0,2.0216281731677556e-06,1827781767.0
268,32000.0,1.1150430194248883e-05,1951355961.0
269,34000.0,4.088621255846192e-05,2066645842.0
270,36000.0,0.00021312257591631577,2191575718.0
271,38000.0,4.478329529433722e-07,2313184039.0
272,40000.0,1.4958847756929571e-06,2446056469.0
273,0.0,42447.56808393774,10770158.0
274,2000.0,217.9805820145428,131354897.0
275,4000.0,60.516981260062806,253294428.0
276,6000.0,12.023254365519351,373497826.0
277,8000.0,0.6260098945895334,498126712.0
278,10000.0,0.47855693252351683,617716002.0
279,12000.0,0.005970168947971182,743736497.0
280,14000.0,0.0010585817457202395,855760166.0
281,16000.0,0.00036840003692759635,988469117.0
282,18000.0,0.07536228408405027,1145579353.0
283,20000.0,2.5317422861093063e-06,1218985223.0
284,22000.0,1.2004915352648027e-06,1361327917.0
285,24000.0,1.0172900818616882e-07,1512887146.0
286,26000.0,5.404299528386503e-06,1664381842.0
287,28000.0,1.3553395206145068e-09,1715178295.0
288,30000.0,9.913658089999445e-09,1833442641.0
289,32000.0,7.10780909685127e-10,1952567028.0
290,34000.0,1.3187293035343828e-10,2076377574.0
291,36000.0,1.776281166598892e-10,2212426378.0
292,38000.0,1.2614773226005127e-10,2335041734.0
293,40000.0,1.0780517811781465e-10,2469767301.0
294,0.0,46791.238703309624,10784193.0
295,2000.0,572.2308296750682,131139338.0
296,4000.0,170.90192854193157,258224763.0
297,6000.0,97.04617030541914,379073663.0
298,8000.0,50.7939769097151,518153016.0
299,10000.0,2.6982864846322134,636746761.0
300,12000.0,0.22703448067399937,787144202.0
301,14000.0,12.77622919660605,892659120.0
302,16000.0,3.783365331097915,1036103130.0
303,18000.0,0.002914774760491147,1141957781.0
304,20000.0,0.0006015403854315301,1275567303.0
305,22000.0,0.035664233280213085,1402098314.0
306,24000.0,0.001815204081440937,1512685586.0
307,26000.0,4.869776075998484e-06,1667506006.0
308,28000.0,2.194027262269499e-05,1760425678.0
309,30000.0,6.957619135015206e-06,1961970340.0
310,32000.0,1.8115208667673564e-06,2049365326.0
311,34000.0,5.998282820623286e-07,2166901517.0
312,36000.0,8.10342021783303e-07,2294418976.0
313,38000.0,2.143358788959937e-09,2393075287.0
314,40000.0,8.171314299365572e-09,2561045207.0
315,0.0,40928.248306302696,10842884.0
316,2000.0,422.48172649616106,159040622.0
317,4000.0,16.96388248990895,264248190.0
318,6000.0,4.170294314786546,387903525.0
319,8000.0,0.055707979282862814,515953140.0
320,10000.0,0.05207911644206759,637573001.0
321,12000.0,0.004344323930513143,777894911.0
322,14000.0,0.0003761564114484628,883887045.0
323,16000.0,0.0007242433449331376,1031041845.0
324,18000.0,7.654855761028756e-05,1154246085.0
325,20000.0,0.0047223754652695946,1276912361.0
326,22000.0,1.597808684412172e-05,1387451231.0
327,24000.0,2.6571903934069495e-07,1545175195.0
328,26000.0,3.090518255119967e-05,1672674275.0
329,28000.0,8.010221526077998e-09,1737123462.0
330,30000.0,5.853395634147773e-06,1929050632.0
331,32000.0,2.7686709169216784e-06,2073284112.0
332,34000.0,2.1659156246300882e-10,2121580621.0
333,36000.0,2.5369407907760434e-10,2247947097.0
334,38000.0,1.628358603511515e-10,2401786951.0
335,40000.0,8.623159075682452e-11,2459298174.0
336,0.0,40443.54375635671,10782088.0
337,2000.0,179.42759319326797,131597384.0
338,4000.0,28.110475020805012,257995474.0
339,6000.0,4.188415434636693,379497403.0
340,8000.0,0.32595626802903055,506548961.0
341,10000.0,0.16653147414347103,626405876.0
342,12000.0,0.018634879861681046,783015227.0
343,14000.0,0.00024864104218082163,900368933.0
344,16000.0,0.00023239362142906116,1008429419.0
345,18000.0,6.716713743273317e-06,1132337018.0
346,20000.0,4.666762339056163e-07,1237502543.0
347,22000.0,4.810776310648634e-09,1379474695.0
348,24000.0,2.669520497988742e-09,1515107527.0
349,26000.0,1.6681818237884727e-09,1642986417.0
350,28000.0,1.75077428110626e-09,1791256925.0
351,30000.0,6.955882980719252e-11,1893403136.0
352,32000.0,7.148045710891892e-11,2026195217.0
353,34000.0,8.405741880324058e-11,2181102854.0
354,36000.0,8.61884075220587e-11,2299289638.0
355,38000.0,8.621903191396996e-11,2343834659.0
356,40000.0,8.483493019184607e-11,2454179461.0
357,0.0,38429.47133032445,11006210.0
358,2000.0,229.83043275803018,131674240.0
359,4000.0,20.927962732417072,256406503.0
360,6000.0,2.982725441938366,388660876.0
361,8000.0,0.3724386045134793,500231622.0
362,10000.0,0.087915545844618,620334423.0
363,12000.0,0.0006880858056687989,749149650.0
364,14000.0,0.00019147986178310371,864956677.0
365,16000.0,5.078863429265113e-05,1022416763.0
366,18000.0,9.984193958767483e-07,1165085537.0
367,20000.0,0.0004231067986374515,1292259630.0
368,22000.0,0.06350855968838595,1387251101.0
369,24000.0,5.86419112091896e-08,1519181647.0
370,26000.0,6.82623035874741e-10,1649743863.0
371,28000.0,7.04710281618226e-08,1783644292.0
372,30000.0,1.7279862207786324e-10,1820691322.0
373,32000.0,1.965979354867642e-09,1945181447.0
374,34000.0,2.336086970755602e-08,2172240717.0
375,36000.0,1.1187518156319242e-09,2312618094.0
376,38000.0,2.6799981722724907e-09,2420124632.0
377,40000.0,1.750079348106226e-10,2580742401.0
378,0.0,41151.045934967915,10818729.0
379,2000.0,426.87570941398343,140709673.0
380,4000.0,263.17833220753926,252648890.0
381,6000.0,0.9407937605100984,398616454.0
382,8000.0,0.09922903593371252,524980028.0
383,10000.0,0.20873154104184052,625650657.0
384,12000.0,0.02368666036633993,777000841.0
385,14000.0,0.030450962202790883,900837157.0
386,16000.0,0.0009289587811564814,979303765.0
387,18000.0,6.108684264916065e-07,1108633239.0
388,20000.0,3.5153567720414e-06,1222436197.0
389,22000.0,5.370059270859428e-07,1337246982.0
390,24000.0,3.772564589610283e-09,1465031497.0
391,26000.0,1.3298601686528854e-09,1585375128.0
392,28000.0,3.3427770773641895e-10,1706078724.0
393,30000.0,9.884780638458325e-10,1855979797.0
394,32000.0,6.350594279780353e-08,1944071139.0
395,34000.0,7.684224812010142e-11,2159232962.0
396,36000.0,5.787587298300423e-11,2263279521.0
397,38000.0,6.042718325716124e-11,2338687739.0
398,40000.0,6.025384635677256e-11,2539469789.0
399,0.0,39002.61263416738,10827174.0
400,2000.0,358.6492018332842,131177551.0
401,4000.0,12.871369068264936,276189480.0
402,6000.0,1.1353877600180848,378073116.0
403,8000.0,0.10579292688834002,518457684.0
404,10000.0,0.0035454420683233923,652023789.0
405,12000.0,0.8664580951433212,771036240.0
406,14000.0,0.00011306179619783862,910600149.0
407,16000.0,0.0016822392315511958,1008351230.0
408,18000.0,7.570410835825658e-05,1113881089.0
409,20000.0,1.0117219206316474e-05,1218301097.0
410,22000.0,5.109932248387461e-06,1339185681.0
411,24000.0,3.874515041152632e-05,1463367743.0
412,26000.0,2.2951160356969867e-05,1585275028.0
413,28000.0,4.255577903400365e-09,1702123863.0
414,30000.0,1.909771366881419e-09,1824755055.0
415,32000.0,1.356739443458821e-08,1945162467.0
416,34000.0,4.879543846758594e-10,2068460808.0
417,36000.0,1.0919794651842451e-10,2242297584.0
418,38000.0,1.1323705056964783e-10,2657864184.0
419,40000.0,1.4865946001973995e-10,2848680415.0
420,0.0,42311.93240630461,11152665.0
421,2000.0,281.94180868167973,168573517.0
422,4000.0,40.8132053358997,305948155.0
423,6000.0,1.719145673670341,404237586.0
424,8000.0,0.03175218074751541,543662711.0
425,10000.0,14.036459821073088,723381113.0
426,12000.0,0.010214554627517317,827447103.0
427,14000.0,0.002081714435818043,897084021.0
428,16000.0,0.4346506411235003,1051471149.0
429,18000.0,0.0011885156525057283,1213637392.0
430,20000.0,6.283633791170473e-05,1284090347.0
431,22000.0,1.3260761070910121e-06,1466006759.0
432,24000.0,5.868744404580184e-06,1610829899.0
433,26000.0,1.0193983035122756e-06,1732172418.0
434,28000.0,3.0679903069597e-07,1755687008.0
435,30000.0,2.2657971150863433e-07,1866863949.0
436,32000.0,1.2779548242747295e-07,1976981189.0
437,34000.0,2.7421901293678275e-07,2097165673.0
438,36000.0,3.873001190868308e-09,2286790345.0
439,38000.0,2.923642767882484e-09,2378677669.0
440,40000.0,3.219687982891628e-10,2478397154.0
441,0.0,50896.777464315725,11643334.0
442,2000.0,491.49293619825795,137665648.0
443,4000.0,71.2513721402697,262299884.0
444,6000.0,3.8691807550875343,389128663.0
445,8000.0,0.6237183969091236,510687476.0
446,10000.0,0.3779340820137558,629564488.0
447,12000.0,0.03493125500441628,751461637.0
448,14000.0,0.004971047545295965,894236084.0
449,16000.0,0.02070901073369753,1022229664.0
450,18000.0,0.00042017408872438504,1169877268.0
451,20000.0,1.3154688686647931e-05,1343289086.0
452,22000.0,1.3415005382309137e-05,1367076061.0
453,24000.0,3.8715315833770526e-08,1496272558.0
454,26000.0,1.0239310215125198e-06,1865618104.0
455,28000.0,2.4419341164497176e-07,1799893633.0
456,30000.0,3.605517343435727e-09,1890663057.0
457,32000.0,1.779548254587926e-10,1975094276.0
458,34000.0,5.294658694809939e-10,2070295516.0
459,36000.0,1.953372504026607e-10,2189855300.0
460,38000.0,1.158882549784357e-09,2310944970.0
461,40000.0,1.6081613332663558e-10,2430773316.0
462,0.0,79590.31735969448,10780488.0
463,2000.0,195.79037115708707,131605971.0
464,4000.0,50.81624559482128,252815860.0
465,6000.0,5.462788445417942,379472310.0
466,8000.0,6.698850703304149,498982546.0
467,10000.0,0.8974124075348962,637655023.0
468,12000.0,9.797314888770098,760205872.0
469,14000.0,3.0658955303302946,899242008.0
470,16000.0,12.67279960799491,1012026779.0
471,18000.0,0.08352145848614058,1141689013.0
472,20000.0,0.5580313824513685,1232343277.0
473,22000.0,0.00450999001847336,1347718885.0
474,24000.0,0.017873668900598928,1468681645.0
475,26000.0,0.0005500126473082645,1593165255.0
476,28000.0,0.0002603826729345116,1714967284.0
477,30000.0,0.00040028168928259335,1849959864.0
478,32000.0,1.4590583385114542e-05,1967043133.0
479,34000.0,1.3167411361507675e-05,2088856072.0
480,36000.0,2.7735582486769774e-05,2204259644.0
481,38000.0,5.54179871478766e-06,2321795064.0
482,40000.0,1.2341174039676162e-06,2439032152.0
483,0.0,46456.11184040983,10839718.0
484,2000.0,119.62480889038527,131434461.0
485,4000.0,43.807658868641475,255005638.0
486,6000.0,18.86150606308915,376393646.0
487,8000.0,1.2681453428954326,498696571.0
488,10000.0,0.4018871048302269,617984713.0
489,12000.0,0.09200425653728718,741496542.0
490,14000.0,0.037271534827176114,863250233.0
491,16000.0,0.0018269313198201332,990070905.0
492,18000.0,0.2383575085313614,1100579956.0
493,20000.0,0.006657261628512323,1225080970.0
494,22000.0,0.0010296547765687337,1347843548.0
495,24000.0,0.0500678506646312,1468322512.0
496,26000.0,0.00013389042906682746,1579506658.0
497,28000.0,6.873522012362799e-07,1712460043.0
498,30000.0,1.6057580410056005e-06,1829974694.0
499,32000.0,7.719036252140654e-07,1955751026.0
500,34000.0,6.121860774754851e-08,2073954451.0
501,36000.0,5.175193942896783e-07,2214769294.0
502,38000.0,1.4958968002076744e-08,2385070848.0
503,40000.0,9.494549353483705e-07,2502401868.0
504,0.0,49128.23516034903,10869974.0
505,2000.0,396.73442962423775,132469694.0
506,4000.0,28.351075027683013,261152674.0
507,6000.0,1.0629450909617248,386723681.0
508,8000.0,15.5311316797098,519936277.0
509,10000.0,12.256502337528776,653356506.0
510,12000.0,16.1724600006683,772913741.0
511,14000.0,0.09327165433718645,904938675.0
512,16000.0,0.05849269834174018,1032328982.0
513,18000.0,0.05319998636587209,1146310024.0
514,20000.0,0.0335887087651516,1282102620.0
515,22000.0,1.2054216725261713,1346189577.0
516,24000.0,0.028923557990156758,1469492561.0
517,26000.0,0.06505555655839697,1588735551.0
518,28000.0,0.06302709408009005,1717045441.0
519,30000.0,0.10245124682484866,1847206275.0
520,32000.0,0.030445941871533225,1995702714.0
521,34000.0,0.00529981966045555,2135794873.0
522,36000.0,0.0006229272522021248,2244884872.0
523,38000.0,2.618977006760281e-07,2408887308.0
524,40000.0,0.009789155444352373,2505614176.0
525,0.0,40913.07096496548,10818099.0
526,2000.0,623.3248745421944,134995836.0
527,4000.0,198.23951114385008,262781668.0
528,6000.0,21.152956736299394,388580241.0
529,8000.0,0.3342862294546062,508659331.0
530,10000.0,0.04223380401585743,625928779.0
531,12000.0,0.009786645649730445,749315412.0
532,14000.0,0.000150021122714179,878496224.0
533,16000.0,0.0016892028615376376,1008739643.0
534,18000.0,5.434592008697336e-06,1138476752.0
535,20000.0,3.962593223150179e-07,1285610698.0
536,22000.0,6.839771970135188e-08,1344373228.0
537,24000.0,3.645549355724142e-08,1464783518.0
538,26000.0,3.8153910963956154e-09,1612710964.0
539,28000.0,1.134874310082523e-09,1780948950.0
540,30000.0,3.4761799838634035e-09,1885152957.0
541,32000.0,3.0788768867751057e-10,2094188666.0
542,34000.0,2.08617763064467e-10,2236280355.0
543,36000.0,2.004955490519933e-10,2326057034.0
544,38000.0,2.203211124651716e-10,2493034961.0
545,40000.0,1.9975900045210439e-10,2646795129.0
546,0.0,39752.13785099534,12620778.0
547,2000.0,158.92104714727256,147848815.0
548,4000.0,31.151830164170452,311953996.0
549,6000.0,8.236620149942215,448990448.0
550,8000.0,0.8262630184802245,531879465.0
551,10000.0,0.28655231892855837,685115333.0
552,12000.0,0.05598060411042443,771552001.0
553,14000.0,0.9613568738463232,903468792.0
554,16000.0,6.510770442726522e-05,1032171085.0
555,18000.0,0.05713431827293881,1165258388.0
556,20000.0,4.535351319434611e-06,1329437695.0
557,22000.0,9.583793273346686e-06,1593489054.0
558,24000.0,7.534958635213584e-07,1557518961.0
559,26000.0,3.733540163253224e-08,1584761742.0
560,28000.0,2.4833703182736146e-09,1712361488.0
561,30000.0,6.686928566423944e-10,1855395148.0
562,32000.0,1.0562135166480858e-10,1997780527.0
563,34000.0,5.792059543097139e-10,2149626851.0
564,36000.0,1.0571562736316764e-10,2281479217.0
565,38000.0,1.0427043228844469e-10,2337427116.0
566,40000.0,2.2549856204534535e-10,2679136937.0
567,0.0,39604.36101812169,12412597.0
568,2000.0,116.6332385344933,145154653.0
569,4000.0,6.906666975788022,298044148.0
570,6000.0,4.65916819967708,477659924.0
571,8000.0,1.7975252857140436,595145670.0
572,10000.0,0.23713244187602123,709874269.0
573,12000.0,0.09205189125119861,804416264.0
574,14000.0,0.6672796893784482,909558503.0
575,16000.0,0.005485021130184957,1042053535.0
576,18000.0,0.7071886696250077,1187547687.0
577,20000.0,2.037966026194909,1270671840.0
578,22000.0,0.0002698109871710885,1370282677.0
579,24000.0,0.006194716412867329,1506149323.0
580,26000.0,0.000528249310924589,1620750325.0
581,28000.0,2.9828912125402507e-05,1790336833.0
582,30000.0,1.0707038548817271e-05,1971063784.0
583,32000.0,3.773863980481851e-06,1998989991.0
584,34000.0,1.3057046260049887e-05,2102712508.0
585,36000.0,4.677480928327871e-07,2337094767.0
586,38000.0,3.8543986230266114e-07,2413717307.0
587,40000.0,1.3877406593199027e-07,2620110060.0
588,0.0,41522.40738777761,11316634.0
589,2000.0,141.66340984375364,136093331.0
590,4000.0,100.53470943514613,260550892.0
591,6000.0,74.64181978769874,392431061.0
592,8000.0,68.89602940438873,542886045.0
593,10000.0,0.15560686927828316,637414182.0
594,12000.0,0.6733048789875862,785943008.0
595,14000.0,0.011753850281698935,893710502.0
596,16000.0,0.0010653552039807757,1017362778.0
597,18000.0,2.4192504382476443e-05,1162023651.0
598,20000.0,0.015962229935908567,1261407264.0
599,22000.0,0.000648097330706534,1345106538.0
600,24000.0,6.846229140045068e-07,1545414078.0
601,26000.0,2.4783112282378286e-07,1652372093.0
602,28000.0,1.1943040423290085e-08,1738941324.0
603,30000.0,1.4748894194838159e-09,1860578277.0
604,32000.0,4.6122300645379255e-10,1973762318.0
605,34000.0,1.242280589508482e-10,2155062272.0
606,36000.0,1.1065438343393907e-10,2232139107.0
607,38000.0,1.9664140538111497e-10,2520248347.0
608,40000.0,1.1115631082248001e-10,2563153900.0
609,0.0,40271.43294967365,10860266.0
610,2000.0,391.59085377765405,133647653.0
611,4000.0,68.49897954554281,268932606.0
612,6000.0,4.3086268070000475,392704317.0
613,8000.0,114.03994436555915,522315399.0
614,10000.0,52.037974880426816,651673471.0
615,12000.0,0.2683726810620372,809003629.0
616,14000.0,0.021260172862466908,903968385.0
617,16000.0,0.0004504116732613039,1088337132.0
618,18000.0,0.0003032559918029687,1151085447.0
619,20000.0,1.025760355298333e-05,1316976460.0
620,22000.0,9.12098294257868e-06,1432497820.0
621,24000.0,8.666801888379539e-08,1517453470.0
622,26000.0,1.642774827106841e-05,1704418220.0
623,28000.0,9.105283337484948e-07,1774818451.0
624,30000.0,9.134266904409216e-07,1899619654.0
625,32000.0,2.1278745854225177e-09,2000762019.0
626,34000.0,5.50362571072327e-10,2238876485.0
627,36000.0,1.451455486689568e-08,2220061354.0
628,38000.0,2.398666087977119e-10,2478669888.0
629,40000.0,1.7173614752508115e-10,2469715617.0
630,0.0,41724.49796578242,10854185.0
631,2000.0,220.26298616531096,133800238.0
632,4000.0,23.504144361378682,253668108.0
633,6000.0,22.28552688398492,381132954.0
634,8000.0,1.0605782039782745,500937978.0
635,10000.0,2.594551410941826,625230070.0
636,12000.0,1.950923065066546,750755371.0
637,14000.0,1.1540639084580855,867258684.0
638,16000.0,1.0128465651028296,989978991.0
639,18000.0,0.4525506618793392,1131988923.0
640,20000.0,0.46635082442143344,1289934054.0
641,22000.0,0.24284460151458803,1415368052.0
642,24000.0,0.04518278258542065,1498664264.0
643,26000.0,0.019559499736188642,1602822462.0
644,28000.0,0.02607086360804793,1724319592.0
645,30000.0,0.0018750514282008623,1896492283.0
646,32000.0,1.1641568490426166,1985477198.0
647,34000.0,0.13659818834953164,2105038934.0
648,36000.0,0.02203332832946046,2208181699.0
649,38000.0,0.0038536414793811603,2333125559.0
650,40000.0,0.07876742881979865,2476325444.0
651,0.0,40246.40522949923,10925800.0
652,2000.0,497.6996311123325,134220417.0
653,4000.0,157.93132770111427,257489478.0
654,6000.0,18.714546880306795,378443570.0
655,8000.0,6.12970830119486,509330325.0
656,10000.0,1.361728196466032,636578446.0
657,12000.0,0.35673505765191504,748481293.0
658,14000.0,0.5199112436426975,873030193.0
659,16000.0,0.00018198470928546762,996514000.0
660,18000.0,0.9670823905296447,1162901480.0
661,20000.0,0.00781388685299338,1285352721.0
662,22000.0,0.026814515035045953,1410444834.0
663,24000.0,0.2027145550436251,1536825045.0
664,26000.0,0.0004386093403942226,1664695916.0
665,28000.0,5.1900970091356415e-06,1809369347.0
666,30000.0,3.789623934279618e-05,1907366073.0
667,32000.0,5.505137852024333e-06,1990330685.0
668,34000.0,1.3804539957984474e-06,2096876832.0
669,36000.0,6.81584195838525e-08,2220906624.0
670,38000.0,9.352547501784159e-08,2424652662.0
671,40000.0,3.580005058712032e-07,2466559930.0
672,0.0,39307.75846864773,10996301.0
673,2000.0,286.9291148818457,132453489.0
674,4000.0,33.784197647821834,254567601.0
675,6000.0,4.1265411874385265,377734029.0
676,8000.0,1.0601961087445604,502236623.0
677,10000.0,0.05619235166913805,654288635.0
678,12000.0,0.0006771818335956597,749149887.0
679,14000.0,2.6000008086278224e-05,877537463.0
680,16000.0,1.9229823028644177e-05,1097490351.0
681,18000.0,4.687919945537411e-06,1174188721.0
682,20000.0,3.582046043583032e-05,1319132233.0
683,22000.0,3.66283429368286e-07,1393672839.0
684,24000.0,2.70103837807234e-07,1489247901.0
685,26000.0,2.1463227086293558e-07,1613080253.0
686,28000.0,4.444815324911033e-08,1756766735.0
687,30000.0,7.943423807610372e-10,1903669506.0
688,32000.0,2.3904822793463507e-09,2056565458.0
689,34000.0,1.5407729925254188e-10,2163174557.0
690,36000.0,9.891207908285793e-11,2261978954.0
691,38000.0,9.265756939491609e-11,2377459465.0
692,40000.0,1.4087266964057933e-10,2534893776.0
693,0.0,42243.75668544694,11027122.0
694,2000.0,569.2134384091282,133971495.0
695,4000.0,28.268747518666522,257572584.0
696,6000.0,1.501195546364214,380348694.0
697,8000.0,18.22714960651243,502962465.0
698,10000.0,16.972180211955678,629699518.0
699,12000.0,84.890838833171,748160219.0
700,14000.0,76.95399917945215,872812111.0
701,16000.0,0.10004613734308675,1024298590.0
702,18000.0,0.009860662823865668,1123767704.0
703,20000.0,0.07441758084290612,1283188123.0
704,22000.0,0.016146977832265996,1386224696.0
705,24000.0,17.640003942170924,1512795178.0
706,26000.0,0.007244777319742752,1628196190.0
707,28000.0,0.013477032966297688,1804796639.0
708,30000.0,0.009526657789188651,1865699147.0
709,32000.0,0.0007265164440865845,1992460568.0
710,34000.0,0.0002489383978149462,2096705966.0
711,36000.0,0.15490627799998674,2249253493.0
712,38000.0,7.279267022182623e-05,2352670482.0
713,40000.0,0.7956838289765588,2489689873.0
714,0.0,40060.36438094318,10832243.0
715,2000.0,578.9374135696894,132593416.0
716,4000.0,27.902187702583184,255424580.0
717,6000.0,16.828028686606775,382396766.0
718,8000.0,4.468643206978922,502206633.0
719,10000.0,1.5162760979270435,623516955.0
720,12000.0,0.06175396090789548,784758855.0
721,14000.0,16.300463254955957,904875959.0
722,16000.0,1.9078101728803782,1033975341.0
723,18000.0,11.158499698330566,1169179681.0
724,20000.0,2.0615019074512566,1238854182.0
725,22000.0,1.9479587699597234,1362226912.0
726,24000.0,8.796413339148047e-05,1481424110.0
727,26000.0,0.12717522723597546,1602140367.0
728,28000.0,0.0043505720543068095,1746561693.0
729,30000.0,0.0016429827543633024,1874300002.0
730,32000.0,0.0001827762970545166,1986022436.0
731,34000.0,3.6792409048302945e-08,2137193804.0
732,36000.0,0.00015475430756076492,2225878869.0
733,38000.0,3.1651823009823946e-05,2384418882.0
734,40000.0,1.7640520199080357e-06,2480903773.0
735,0.0,43187.401761230576,11201908.0
736,2000.0,232.213928420969,134996654.0
737,4000.0,81.32845932453245,258267190.0
738,6000.0,31.650188114159,378646181.0
739,8000.0,19.40479065464845,502766668.0
740,10000.0,1.2340566116125067,632746158.0
741,12000.0,1.714140992548654,742845692.0
742,14000.0,0.9602609052581847,906216105.0
743,16000.0,0.0020819357188224786,1051129413.0
744,18000.0,0.10382275197189386,1159823704.0
745,20000.0,0.25755978656752876,1282082393.0
746,22000.0,0.013752811727602818,1408919087.0
747,24000.0,0.003069481557633509,1519035702.0
748,26000.0,0.0004296082111731891,1711308597.0
749,28000.0,0.0005211956731072576,1819291301.0
750,30000.0,4.568988621045378e-05,1922842228.0
751,32000.0,0.0003550912834310793,2042708676.0
752,34000.0,8.578260025797244,2127072475.0
753,36000.0,2.8666131598242826e-07,2281947550.0
754,38000.0,8.339465833344662e-05,2457384820.0
755,40000.0,3.5431634375129304e-05,2598251122.0
756,0.0,41510.00804990166,11209893.0
757,2000.0,386.03447725806177,138302398.0
758,4000.0,30.300501040185754,264914673.0
759,6000.0,24.45382379444241,389749257.0
760,8000.0,8.460458470373947,513428286.0
761,10000.0,0.024373481634577407,636086335.0
762,12000.0,0.004020586610449514,811602557.0
763,14000.0,0.0012147267275622654,892890506.0
764,16000.0,0.004008261514041438,1011607883.0
765,18000.0,0.00020599471829827465,1121529527.0
766,20000.0,2.4885488412174086e-07,1245529214.0
767,22000.0,0.002090235183457514,1382746006.0
768,24000.0,2.393000618905461e-07,1496906301.0
769,26000.0,1.87314601607369e-08,1648998604.0
770,28000.0,7.436907272670546e-05,1731771793.0
771,30000.0,8.577005261578563e-08,1851133166.0
772,32000.0,2.9683336766339606e-09,2004762502.0
773,34000.0,6.283402749218681e-09,2331559668.0
774,36000.0,1.3708472579310182e-10,2393804464.0
775,38000.0,1.1377079722763028e-10,2425853284.0
776,40000.0,1.2522126446867786e-10,2520435364.0
777,0.0,40535.173204474035,12677244.0
778,2000.0,544.5337233711086,138647066.0
779,4000.0,156.7192322278521,257794333.0
780,6000.0,27.597084844763753,381100693.0
781,8000.0,14.807647462498103,513886605.0
782,10000.0,7.337441056229103,643319882.0
783,12000.0,2.9524799258919012,758643591.0
784,14000.0,0.7555542503188226,879544608.0
785,16000.0,0.21910102361913097,1017261158.0
786,18000.0,10.02026483093434,1126762787.0
787,20000.0,0.09697371152592972,1269030069.0
788,22000.0,0.027665707079610913,1412075923.0
789,24000.0,0.18638540919731358,1540962762.0
790,26000.0,0.0007937501704207062,1646948103.0
791,28000.0,0.008146790976096687,1760428734.0
792,30000.0,0.05949592878049073,2032503925.0
793,32000.0,0.0010888359600230845,2229319780.0
794,34000.0,0.01729335988317498,2177504108.0
795,36000.0,0.00016560351103309223,2288567949.0
796,38000.0,0.0018337651624540908,2482796378.0
797,40000.0,7.590251699163275e-08,2755036346.0
798,0.0,40678.27216867421,11116216.0
799,2000.0,163.32916642165782,140394221.0
800,4000.0,13.73366439827444,267120508.0
801,6000.0,8.621621940730975,398632351.0
802,8000.0,38.49893705074737,530345984.0
803,10000.0,25.308295704128216,656429891.0
804,12000.0,19.573155283801743,770216014.0
805,14000.0,19.28438160742291,930206248.0
806,16000.0,0.17922991178394426,1006725528.0
807,18000.0,2.5789434985466095,1170929060.0
808,20000.0,0.7755526101689604,1350409283.0
809,22000.0,3.9218011047556427,1495288056.0
810,24000.0,0.5815366621243435,1582283248.0
811,26000.0,0.651592096776819,1720957839.0
812,28000.0,1.6510161489348603,1767771080.0
813,30000.0,0.7573310101372905,1869484496.0
814,32000.0,0.009131623091827095,2067287561.0
815,34000.0,0.03893546924100164,2227199000.0
816,36000.0,0.1527716599696825,2334751429.0
817,38000.0,0.0442908776573821,2522063646.0
818,40000.0,0.0016920327230138098,2546244744.0
819,0.0,39526.68516122522,11303457.0
820,2000.0,287.7813946088974,139435545.0
821,4000.0,112.31604615418173,269509623.0
822,6000.0,63.23903208326675,443266895.0
823,8000.0,5.413464173095228,543926024.0
824,10000.0,0.0842147772630871,643250961.0
825,12000.0,0.0220919477169401,798648405.0
826,14000.0,0.0035262149786215247,909864583.0
827,16000.0,0.006642502163120341,999871334.0
828,18000.0,0.009093984127819326,1135271907.0
829,20000.0,4.885085846789039e-05,1294938787.0
830,22000.0,0.00031369671344439354,1516218133.0
831,24000.0,0.00011886899549841345,1524952800.0
832,26000.0,0.0002472441738184372,1631426889.0
833,28000.0,1.622502978070983e-05,1805625202.0
834,30000.0,5.7263879098670145e-05,1990300429.0
835,32000.0,1.2097585921289067e-06,2085133118.0
836,34000.0,1.6431789059012657e-06,2146255967.0
837,36000.0,2.220096599536703e-07,2362813404.0
838,38000.0,4.651929266685784e-08,2518421803.0
839,40000.0,6.88898666290072e-08,2617994481.0
840,0.0,39775.74848835581,11102762.0
841,2000.0,219.71236636605016,133975005.0
842,4000.0,92.29787976969152,261903745.0
843,6000.0,42.66257232883932,379292724.0
844,8000.0,8.758546690302058,522431818.0
845,10000.0,28.561725426224875,733151827.0
846,12000.0,0.022764235169621543,828596656.0
847,14000.0,0.0011447462453054059,926019053.0
848,16000.0,0.0027405914918416487,1023454653.0
849,18000.0,1.935141331998125e-05,1200222299.0
850,20000.0,1.1932195703145965e-05,1314471550.0
851,22000.0,7.224052591610075e-06,1549855855.0
852,24000.0,2.7528635566653746e-07,1543812829.0
853,26000.0,1.0848753007053347e-09,1617506674.0
854,28000.0,2.6126499843570625e-07,1758065454.0
855,30000.0,1.2932969539747318e-09,1922849206.0
856,32000.0,1.0644665593417812e-10,2009849720.0
857,34000.0,1.059346033116526e-10,2133988753.0
858,36000.0,1.188458753631494e-10,2293621112.0
859,38000.0,1.0792248872348864e-10,2457793816.0
860,40000.0,8.809859508573936e-11,2585667452.0
861,0.0,40611.20054850275,11259205.0
862,2000.0,599.8935119724586,135175698.0
863,4000.0,75.94831463248305,260171981.0
864,6000.0,19.758451631947615,398338226.0
865,8000.0,1.4134581028718682,537661406.0
866,10000.0,0.41099555561587486,657031322.0
867,12000.0,1.0547147078865002,805942002.0
868,14000.0,0.10916813722802698,898052136.0
869,16000.0,0.30228977042995353,1033146907.0
870,18000.0,0.6552743587171829,1131646057.0
871,20000.0,1.4800846057646053,1264159932.0
872,22000.0,0.006315932110965718,1389532332.0
873,24000.0,0.0054128789422376224,1546201115.0
874,26000.0,0.02912743145796,1645721751.0
875,28000.0,0.029171921270685974,1773680549.0
876,30000.0,0.03005103142971647,1881376639.0
877,32000.0,0.03533358532884213,1993696655.0
878,34000.0,0.0019287583611842685,2239687337.0
879,36000.0,0.4487085154982095,2400580526.0
880,38000.0,0.01690374215423061,2361903711.0
881,40000.0,0.011548445532851694,2495209034.0
882,0.0,43327.603629675956,10790864.0
883,2000.0,242.97110019314832,135929878.0
884,4000.0,34.31147517478767,263090918.0
885,6000.0,3.0653522992307116,406744616.0
886,8000.0,0.1950363605841833,518334278.0
887,10000.0,0.04630392520114,678488170.0
888,12000.0,0.048960952742856494,833301297.0
889,14000.0,0.02449205358117801,930730147.0
890,16000.0,4.505622021163447e-05,1023831475.0
891,18000.0,0.0013827660200898607,1167739591.0
892,20000.0,0.0005358101050677533,1280121904.0
893,22000.0,0.00024944046118221766,1438460379.0
894,24000.0,9.223104896783241e-05,1482083901.0
895,26000.0,1.6364326620532665e-06,1621336690.0
896,28000.0,6.565384455825552e-07,1731139269.0
897,30000.0,2.3153266944575535e-07,1841877710.0
898,32000.0,1.1194808990921956e-08,1982758423.0
899,34000.0,5.2337588556383706e-08,2109896848.0
900,36000.0,8.878197995443315e-08,2243308282.0
901,38000.0,1.5191721445262375e-08,2362602257.0
902,40000.0,1.8645479826773226e-10,2484989013.0
903,0.0,38539.58367474633,10887255.0
904,2000.0,346.00874856893256,131886603.0
905,4000.0,15.567340756714646,253641033.0
906,6000.0,6.375539184365125,378248930.0
907,8000.0,2.529710297652607,500738026.0
908,10000.0,0.236534427506891,625029783.0
909,12000.0,0.037164292776330904,746922103.0
910,14000.0,0.0006496315209069081,866663517.0
911,16000.0,0.024957084790813502,1089037375.0
912,18000.0,0.0016782875118148421,1147884291.0
913,20000.0,0.0016772777889941981,1320305075.0
914,22000.0,0.0005017341715850332,1449965134.0
915,24000.0,1.0944878295138238e-06,1493939741.0
916,26000.0,0.00010171666530975899,1621903721.0
917,28000.0,3.035807434367932e-05,1785519562.0
918,30000.0,1.708582827886218e-06,1911938803.0
919,32000.0,1.5735146761564066e-07,2058686097.0
920,34000.0,2.4340122471322447e-07,2155571760.0
921,36000.0,1.3482945282916603e-07,2277211665.0
922,38000.0,6.791080891410673e-08,2378563142.0
923,40000.0,2.622589470036019e-09,2526553147.0
924,0.0,44887.32040862455,11306502.0
925,2000.0,438.61607057458144,132722509.0
926,4000.0,150.05049101539495,262716751.0
927,6000.0,128.7834013275029,395122824.0
928,8000.0,0.17328093364452068,516559899.0
929,10000.0,0.019846706853814025,640595943.0
930,12000.0,0.022085134469942248,776798959.0
931,14000.0,0.0060817729706098686,870060516.0
932,16000.0,0.0002569551260546987,1006935413.0
933,18000.0,2.262550557233567e-05,1165358418.0
934,20000.0,1.9248536548630567e-05,1380358205.0
935,22000.0,2.4402891789065963e-07,1416578504.0
936,24000.0,2.186325112063514e-08,1485198153.0
937,26000.0,2.0191680107473077e-07,1601987518.0
938,28000.0,9.973161674281528e-09,1805465394.0
939,30000.0,2.1943709427318936e-09,1995456200.0
940,32000.0,2.169434907273171e-09,2140106458.0
941,34000.0,1.8547698488191599e-10,2123492137.0
942,36000.0,2.1352768442284286e-10,2328778446.0
943,38000.0,1.3815899535529753e-10,2376368290.0
944,40000.0,1.3845465218764729e-10,2588432184.0
945,0.0,40007.57951911934,10884099.0
946,2000.0,88.56428079683045,133110971.0
947,4000.0,17.75981812057204,258380511.0
948,6000.0,14.717102542512702,374794748.0
949,8000.0,7.904513960050133,509303914.0
950,10000.0,0.8244481715524102,671225022.0
951,12000.0,0.2778239193952961,771613438.0
952,14000.0,0.5704181477665624,951961201.0
953,16000.0,0.3505915489209708,1038860698.0
954,18000.0,7.242668755055232,1142222713.0
955,20000.0,0.06254217307538588,1267473463.0
956,22000.0,0.001148692270508036,1404342679.0
957,24000.0,5.3968605363809986e-05,1630310061.0
958,26000.0,0.008115650576861614,1753957433.0
959,28000.0,5.781562527237938e-05,1737829314.0
960,30000.0,0.004771231487529768,2009011728.0
961,32000.0,2.3920714780381047e-05,1980695172.0
962,34000.0,9.336761387981341e-06,2097219119.0
963,36000.0,0.000807658543542722,2216965972.0
964,38000.0,2.1108162985061796e-05,2489742724.0
965,40000.0,1.285882657757753e-06,2558906398.0
966,0.0,40620.21242775127,10868802.0
967,2000.0,143.94052050530044,136735464.0
968,4000.0,6.842306686661352,274593521.0
969,6000.0,26.675865797841485,387095259.0
970,8000.0,13.779140209980302,510682509.0
971,10000.0,0.2893421249886095,633163683.0
972,12000.0,0.06388886177484428,745795383.0
973,14000.0,0.013575976284226368,874672041.0
974,16000.0,0.0022431004168593205,1002694666.0
975,18000.0,0.006801686683956483,1118942030.0
976,20000.0,0.0002865998072444498,1248057718.0
977,22000.0,7.937353962317317e-05,1376209065.0
978,24000.0,7.5916033480538655e-06,1523908737.0
979,26000.0,3.610566907829238e-05,1650898035.0
980,28000.0,8.532393530225945e-05,1772972416.0
981,30000.0,3.949796862023902e-07,1882177473.0
982,32000.0,1.7183499609885189e-06,2029275355.0
983,34000.0,1.9693196124492828e-07,2151576716.0
984,36000.0,1.6355036107640332e-07,2254622504.0
985,38000.0,1.8892298044193013e-07,2391201634.0
986,40000.0,1.03832554998462e-09,2515623239.0
987,0.0,40944.18151894713,10811484.0
988,2000.0,275.5589188928864,139770925.0
989,4000.0,15.158912184492657,267011102.0
990,6000.0,5.4974607384290435,380718025.0
991,8000.0,8.27291010932107,513029531.0
992,10000.0,7.518595330243893,633972203.0
993,12000.0,9.287313625752565,755609286.0
994,14000.0,5.996568143657788,886493077.0
995,16000.0,0.014323742355354434,1020080734.0
996,18000.0,0.12377248626373166,1127089782.0
997,20000.0,1.2522394364207885,1252863552.0
998,22000.0,0.008237682891313068,1374393512.0
999,24000.0,0.004737202200145432,1499491876.0
1000,26000.0,0.0020220305039714823,1680022910.0
1001,28000.0,6.00368379353587,1809913866.0
1002,30000.0,0.04515588141774656,1883290456.0
1003,32000.0,0.006588669093393335,2057354587.0
1004,34000.0,0.0011704891809182461,2229785147.0
1005,36000.0,6.7721766597364255,2399766675.0
1006,38000.0,0.023649945126538067,2523245193.0
1007,40000.0,0.01544885672823702,2845710156.0
1008,0.0,50573.088033663065,12064284.0
1009,2000.0,426.7622988858272,143341126.0
1010,4000.0,64.59561898935158,270705807.0
1011,6000.0,6.3681422127771885,394217555.0
1012,8000.0,3.2782162099910526,529751930.0
1013,10000.0,1.9649346324462837,798943677.0
1014,12000.0,0.12573247900900492,904394639.0
1015,14000.0,0.5226468190879511,917142882.0
1016,16000.0,0.1770282450751204,1006961004.0
1017,18000.0,0.054587030847347326,1141654645.0
1018,20000.0,0.02300718967416829,1255239076.0
1019,22000.0,0.09691881933591721,1432827799.0
1020,24000.0,3.881912803230796,1574642690.0
1021,26000.0,5.8330004457801055,1608567717.0
1022,28000.0,0.005854589077318515,1733600701.0
1023,30000.0,0.0028042314615597166,1837059376.0
1024,32000.0,0.00018289673310174946,1972727556.0
1025,34000.0,9.433057124450528e-06,2099669158.0
1026,36000.0,4.9374018230459174e-05,2335951780.0
1027,38000.0,0.00024336270644409908,2396393887.0
1028,40000.0,2.128344216938416e-06,2604379539.0
1029,0.0,49160.85795713244,10804762.0
1030,2000.0,354.0880269518718,132035672.0
1031,4000.0,90.18659145634663,255282373.0
1032,6000.0,45.03207411989736,395352142.0
1033,8000.0,14.456206322865244,504833655.0
1034,10000.0,9.27780271199275,661239616.0
1035,12000.0,1.2454313413514826,765096146.0
1036,14000.0,3.158726754591172,872482760.0
1037,16000.0,2.9063954624481285,1004333332.0
1038,18000.0,0.024538906570826198,1127609204.0
1039,20000.0,0.04856665141206954,1254381593.0
1040,22000.0,0.004478768360613179,1377787894.0
1041,24000.0,0.004051587542677089,1497822524.0
1042,26000.0,0.0009584679173690613,1623801785.0
1043,28000.0,9.513903768419318e-05,1769134369.0
1044,30000.0,0.007902147329708446,1903486923.0
1045,32000.0,0.0005374175566108886,2029375030.0
1046,34000.0,7.477027100216916e-05,2155399048.0
1047,36000.0,0.00011135395674901183,2270265743.0
1048,38000.0,1.6110528550550285e-05,2397346179.0
1049,40000.0,4.54232220806805e-05,2583066867.0
1050,0.0,56349.86397388108,10778283.0
1051,2000.0,109.60197151106941,131410224.0
1052,4000.0,14.378106289837257,253121215.0
1053,6000.0,2.9681914513159655,377165789.0
1054,8000.0,0.238096733311301,500274801.0
1055,10000.0,0.041509158077686126,618788938.0
1056,12000.0,1.6608973621661256,743937310.0
1057,14000.0,0.487855605683786,863859410.0
1058,16000.0,0.009515127679909127,991134881.0
1059,18000.0,0.0012280117457545002,1101491010.0
1060,20000.0,0.0028413420213944107,1225858774.0
1061,22000.0,0.0011305777127693518,1351832215.0
1062,24000.0,9.575548364679776e-06,1470580265.0
1063,26000.0,6.944552703060935e-06,1590851506.0
1064,28000.0,5.102994158242779e-05,1735373856.0
1065,30000.0,7.028810678377794e-08,1866021197.0
1066,32000.0,1.5922944079704848e-07,2351244282.0
1067,34000.0,1.4190714195905229e-06,2178399247.0
1068,36000.0,1.0981329504033965e-06,2372419612.0
1069,38000.0,4.8763019650976956e-06,2391629057.0
1070,40000.0,1.8011292013397906e-10,2788160331.0
1071,0.0,40548.28235965331,10955906.0
1072,2000.0,145.13454166367595,144907778.0
1073,4000.0,18.427210382564372,254761951.0
1074,6000.0,4.417834386302067,394156775.0
1075,8000.0,5.879420415150961,513679849.0
1076,10000.0,5.073476606881926,673863712.0
1077,12000.0,6.018406928630419,750090650.0
1078,14000.0,3.1100732186340907,877642506.0
1079,16000.0,2.4704935060119944,981404481.0
1080,18000.0,0.13173678272211792,1113984153.0
1081,20000.0,1.8574587047892726,1253084607.0
1082,22000.0,1.6277278819003482,1632738516.0
1083,24000.0,0.3167838874661439,1482245094.0
1084,26000.0,0.4526846020185347,1601404995.0
1085,28000.0,4.409788035704417,1704820211.0
1086,30000.0,0.19951992452176764,1840859108.0
1087,32000.0,0.23130313612520464,1951709746.0
1088,34000.0,0.42916786511240623,2069377537.0
1089,36000.0,0.9555090471718244,2193197805.0
1090,38000.0,0.00038592073975775244,2316785935.0
1091,40000.0,3.2514933011509908,2479893553.0
1092,0.0,42736.81933984658,11067134.0
1093,2000.0,277.23546339117047,132600571.0
1094,4000.0,120.29831202680685,253913798.0
1095,6000.0,89.84846951479261,373758869.0
1096,8000.0,0.8412852813505027,497237342.0
1097,10000.0,0.2449184649826755,614994915.0
1098,12000.0,0.06828727608805518,738085210.0
1099,14000.0,0.16077294755405083,856485269.0
1100,16000.0,0.04742661139996827,981277936.0
1101,18000.0,0.000846909177405557,1105171729.0
1102,20000.0,0.01689254457793716,1220558084.0
1103,22000.0,0.0001259318591260694,1344847144.0
1104,24000.0,7.739151597547788e-06,1465784402.0
1105,26000.0,5.112700873439735e-05,1583000661.0
1106,28000.0,9.023494637716567e-07,1756788583.0
1107,30000.0,4.32241887082796e-08,1896718407.0
1108,32000.0,1.7024859518244284e-06,1971943572.0
1109,34000.0,3.5774849749259374e-10,2122624992.0
1110,36000.0,2.9454721647397265e-05,2204993910.0
1111,38000.0,4.934878106155338e-09,2347109172.0
1112,40000.0,1.1593576765278613e-08,2449072537.0
1113,0.0,44002.558916069276,11060501.0
1114,2000.0,199.18385595451207,132370305.0
1115,4000.0,145.89949300776118,256369958.0
1116,6000.0,117.78558259843236,383881454.0
1117,8000.0,0.779200024512858,512632789.0
1118,10000.0,0.22195461662024749,636158782.0
1119,12000.0,0.014186910722553563,777767788.0
1120,14000.0,0.0010288136329505448,879543804.0
1121,16000.0,2.182054186754101e-05,1047449822.0
1122,18000.0,0.050043814836244704,1155601577.0
1123,20000.0,0.005212732988615442,1257238702.0
1124,22000.0,8.775241154445723e-05,1379049525.0
1125,24000.0,7.533479101155649e-05,1473557843.0
1126,26000.0,0.018989383254114214,1612964612.0
1127,28000.0,2.3969650335686766e-07,1726717210.0
1128,30000.0,3.748723861754399e-05,1922469479.0
1129,32000.0,7.27869753802679e-08,1993667105.0
1130,34000.0,1.0741488267740352e-08,2131845418.0
1131,36000.0,4.016236566428688e-08,2233242487.0
1132,38000.0,1.0300005484964458e-07,2391147851.0
1133,40000.0,4.296626343602839e-09,2499612177.0
1134,0.0,47330.27397407462,11116095.0
1135,2000.0,124.08399659316441,134705004.0
1136,4000.0,27.671660351861906,258728284.0
1137,6000.0,16.45903241268556,385846501.0
1138,8000.0,7.589817662152918,507964214.0
1139,10000.0,1.540470706310787,636287902.0
1140,12000.0,0.5413842414746161,756624577.0
1141,14000.0,4.384175672519964,893257959.0
1142,16000.0,34.10393499389502,1013066443.0
1143,18000.0,0.09200822811523914,1149968199.0
1144,20000.0,0.088929181490203,1324998911.0
1145,22000.0,0.0024969001258632506,1558306408.0
1146,24000.0,0.03673126087047542,1503200181.0
1147,26000.0,0.0016584873988836257,1646078842.0
1148,28000.0,6.875257275896551e-05,1750792276.0
1149,30000.0,0.07986105078343281,1928376011.0
1150,32000.0,0.0013592365992690515,1989046890.0
1151,34000.0,1.0650880832665522e-05,2187070582.0
1152,36000.0,6.0404793161321635e-05,2297010630.0
1153,38000.0,9.713945474949525e-05,2415893270.0
1154,40000.0,3.838495956349774e-05,2649128184.0
1155,0.0,70535.57482877914,10811705.0
1156,2000.0,496.73948752714904,144144542.0
1157,4000.0,72.52503042251314,272815077.0
1158,6000.0,1.2345797398480816,393525937.0
1159,8000.0,0.44012919665811523,523147698.0
1160,10000.0,0.47957558275977286,637629222.0
1161,12000.0,4.884940352814741,771024787.0
1162,14000.0,3.283848425059587,891829834.0
1163,16000.0,0.0004930057662757292,1053412780.0
1164,18000.0,12.21172975280333,1133765922.0
1165,20000.0,0.7778945885357104,1242078006.0
1166,22000.0,20.161300754611553,1383236150.0
1167,24000.0,0.0005476519979502825,1493868153.0
1168,26000.0,0.020866853948906652,1606900518.0
1169,28000.0,0.002648315728304027,1790406428.0
1170,30000.0,0.0009369876173137826,1911680052.0
1171,32000.0,1.2312052689367191e-06,2043052232.0
1172,34000.0,0.08755416617805017,2125549159.0
1173,36000.0,0.8575960986081023,2245530471.0
1174,38000.0,0.00019887500360212584,2345503076.0
1175,40000.0,4.821735384929582e-05,2484005017.0
1176,0.0,39243.67284534497,11061685.0
1177,2000.0,298.70388046558566,135749373.0
1178,4000.0,87.20792642882179,261766652.0
1179,6000.0,33.44874852365965,389572287.0
1180,8000.0,1.3287185391668566,523498001.0
1181,10000.0,0.433765999917473,641652854.0
1182,12000.0,0.21130582300974537,768498474.0
1183,14000.0,0.822187972230703,986177317.0
1184,16000.0,0.5077524000476824,1050402183.0
1185,18000.0,2.302195704600348,1159541766.0
1186,20000.0,0.0013467820556310013,1237251805.0
1187,22000.0,0.05162238898793282,1350228361.0
1188,24000.0,8.212660354504297e-05,1468088033.0
1189,26000.0,0.0036719801066235538,1591527310.0
1190,28000.0,0.00045195955999177614,1735490341.0
1191,30000.0,0.0016841126055590406,1995902963.0
1192,32000.0,0.00044180930035984305,2059009525.0
1193,34000.0,0.0004463265400747016,2130387498.0
1194,36000.0,7.2876684220467e-05,2207649464.0
1195,38000.0,6.728528497887798e-05,2365660177.0
1196,40000.0,0.07352583278193671,2454575257.0
1197,0.0,42414.93796943671,10888049.0
1198,2000.0,212.6570463684896,132550377.0
1199,4000.0,19.282864347003212,253404006.0
1200,6000.0,175.9690455992878,381731186.0
1201,8000.0,21.940908714590513,503174989.0
1202,10000.0,0.4322305124774441,627639945.0
1203,12000.0,0.3675588563039105,749852536.0
1204,14000.0,7.014056945694519,871312285.0
1205,16000.0,5.156295161554108,1007705214.0
1206,18000.0,1.1148870301634266,1118832785.0
1207,20000.0,1.126576877456296,1264116105.0
1208,22000.0,10.304132982900786,1396254112.0
1209,24000.0,0.5381204451174884,1531391876.0
1210,26000.0,2.6547354587348515,1650589457.0
1211,28000.0,0.27891507540643107,1765658398.0
1212,30000.0,0.8036998244705528,1897541802.0
1213,32000.0,0.802275040805571,2013541505.0
1214,34000.0,0.10127468601941303,2192527721.0
1215,36000.0,5.3581003764181245,2290232089.0
1216,38000.0,4.275423973302142,2391159169.0
1217,40000.0,0.0017842076931907514,2536316575.0
1218,0.0,77354.2804723804,11039922.0
1219,2000.0,385.30860714357783,133452291.0
1220,4000.0,68.4814312827407,262695757.0
1221,6000.0,3.9954498136261236,383902141.0
1222,8000.0,0.49663989142488724,503878595.0
1223,10000.0,1.3836456679984186,633655530.0
1224,12000.0,1.0407693326278513,755827465.0
1225,14000.0,0.059875006650111945,867309273.0
1226,16000.0,0.005775521229473863,995271820.0
1227,18000.0,0.28670392441665493,1108727619.0
1228,20000.0,0.01488673186824946,1222312538.0
1229,22000.0,1.4287356571555057,1345865725.0
1230,24000.0,0.03004503978395866,1494400168.0
1231,26000.0,0.000667218029479848,1603906753.0
1232,28000.0,0.014410509191555745,1745460948.0
1233,30000.0,0.007426992957937113,1914188503.0
1234,32000.0,0.026595681866195056,1960380422.0
1235,34000.0,5.819905021642313e-05,2107602590.0
1236,36000.0,0.001263685261310661,2229585720.0
1237,38000.0,0.003672013397130467,2357636284.0
1238,40000.0,0.20693797880290915,2529845417.0
1239,0.0,41055.961738744576,11409075.0
1240,2000.0,224.97267753278723,133137455.0
1241,4000.0,40.38790346555654,256241813.0
1242,6000.0,37.278209893157175,385333733.0
1243,8000.0,5.209507985683275,510354414.0
1244,10000.0,0.10574428448166649,644385297.0
1245,12000.0,0.07956356693515723,789096642.0
1246,14000.0,0.02266157525845948,873000605.0
1247,16000.0,0.16563623317193127,993165594.0
1248,18000.0,0.0038382766894958565,1110707684.0
1249,20000.0,0.0017279350607102373,1248169813.0
1250,22000.0,5.407686409455437e-06,1358042893.0
1251,24000.0,3.766946299926133e-05,1479376780.0
1252,26000.0,3.972744276907747e-06,1593411395.0
1253,28000.0,3.80372355031966e-06,1717209850.0
1254,30000.0,1.2961015508707874e-05,1984068367.0
1255,32000.0,6.233027543345315e-07,1982197572.0
1256,34000.0,0.00029902503675806715,2155136034.0
1257,36000.0,2.236528417398631e-07,2461548385.0
1258,38000.0,9.435196972162885e-08,2472828131.0
1259,40000.0,4.068288028236111e-08,2494515929.0
1260,0.0,41718.179084485724,11283669.0
1261,2000.0,284.3156645650437,140740047.0
1262,4000.0,34.281824100865286,295097850.0
1263,6000.0,4.617474632972041,404365607.0
1264,8000.0,1.387007490491774,515700507.0
1265,10000.0,0.3446305753520821,716883574.0
1266,12000.0,4.783436552060946,907254050.0
1267,14000.0,0.3051872345780321,975512124.0
1268,16000.0,0.003003631344341713,1048894083.0
1269,18000.0,0.005970344393825258,1127159670.0
1270,20000.0,0.14044632374159774,1228053779.0
1271,22000.0,0.0006738092103760351,1343851237.0
1272,24000.0,0.00789100818436509,1494948270.0
1273,26000.0,0.00015405619731517106,1619312911.0
1274,28000.0,0.0002889195472690176,1727750120.0
1275,30000.0,0.0015067090510599713,1845173270.0
1276,32000.0,1.0930496831917935e-06,1970345434.0
1277,34000.0,0.04079490859212846,2173747853.0
1278,36000.0,0.00012255719088464902,2208172643.0
1279,38000.0,4.819355817176074e-07,2419986616.0
1280,40000.0,1.1589939820595418e-05,2526930020.0
1281,0.0,46944.14367242993,10865025.0
1282,2000.0,424.91255656303446,132336201.0
1283,4000.0,130.23956526447418,264373120.0
1284,6000.0,24.674332116611136,392555641.0
1285,8000.0,3.4035382325436485,511673274.0
1286,10000.0,0.47606474816495153,674234884.0
1287,12000.0,2.303698007633817,779171915.0
1288,14000.0,0.0006641198947540517,920164350.0
1289,16000.0,0.012887238716452672,997609805.0
1290,18000.0,6.586055644390854e-05,1113245493.0
1291,20000.0,0.0006377170765595252,1245435964.0
1292,22000.0,1.5290962663527807e-06,1396438325.0
1293,24000.0,3.2690633085508125e-06,1464681806.0
1294,26000.0,4.636565512029733e-05,1615306778.0
1295,28000.0,7.661911325840264e-07,1741499113.0
1296,30000.0,7.500247320990638e-09,1843559221.0
1297,32000.0,8.342779267422884e-09,1968448983.0
1298,34000.0,2.9008724311552215e-10,2241958578.0
1299,36000.0,1.4774514056625775e-10,2239952063.0
1300,38000.0,1.5868401703755808e-10,2353846708.0
1301,40000.0,2.132895104978161e-10,2549795744.0
1302,0.0,40897.960423633594,12227740.0
1303,2000.0,396.06353007540065,144539912.0
1304,4000.0,100.18138693328632,283042072.0
1305,6000.0,83.68245957291835,405163007.0
1306,8000.0,10.641554647719829,532083273.0
1307,10000.0,0.17056723584541345,760602798.0
1308,12000.0,0.6173701077800149,889141783.0
1309,14000.0,2.3308815998112964,919551634.0
1310,16000.0,0.002325621077819946,1016642811.0
1311,18000.0,0.061254801743002664,1142575579.0
1312,20000.0,0.011725321337675414,1409291662.0
1313,22000.0,2.032169325765921,1467633807.0
1314,24000.0,0.019082089193103238,1475490658.0
1315,26000.0,0.003891473287421743,1635637512.0
1316,28000.0,0.0007370472372320336,1772142974.0
1317,30000.0,0.0005356992401416605,1984304526.0
1318,32000.0,0.08740386731942772,2306840722.0
1319,34000.0,3.94784056031483e-05,2418911081.0
1320,36000.0,0.026742859819581178,2387044690.0
1321,38000.0,0.07290523822518549,2645147793.0
1322,40000.0,1.771539081548923e-05,2683301762.0
1323,0.0,41506.92914365599,13354985.0
1324,2000.0,236.00483538124942,160534375.0
1325,4000.0,22.62047964097016,272976661.0
1326,6000.0,5.211597188745043,466019662.0
1327,8000.0,1.8633919820562541,598202893.0
1328,10000.0,2.1007580528381693,638855333.0
1329,12000.0,1.3138824213969513,848251208.0
1330,14000.0,0.5883169548930451,883452050.0
1331,16000.0,0.05952426516348353,1024089139.0
1332,18000.0,0.00029180037483016007,1262104830.0
1333,20000.0,0.00012010713641053882,1414153111.0
1334,22000.0,5.600220057740302e-05,1398174926.0
1335,24000.0,0.0008656758092213223,1733593424.0
1336,26000.0,0.00010532808277016414,1682518862.0
1337,28000.0,7.134510912980119e-05,1810991399.0
1338,30000.0,6.022459838916916e-07,1946570378.0
1339,32000.0,2.122501773342833e-06,2002690710.0
1340,34000.0,2.5679016665947077e-07,2122365995.0
1341,36000.0,4.2134129181192745e-08,2242591494.0
1342,38000.0,1.4915451629349264e-09,2368348513.0
1343,40000.0,4.743711912169601e-10,2574107261.0
1344,0.0,40578.56686386756,10936839.0
1345,2000.0,400.49402551380786,138904049.0
1346,4000.0,169.41742723571707,265674051.0
1347,6000.0,9.646832483426154,395600714.0
1348,8000.0,0.09657038867646964,510969996.0
1349,10000.0,0.028202174074005378,637361249.0
1350,12000.0,1.8111853509962241,795947371.0
1351,14000.0,0.004403062171590157,911472498.0
1352,16000.0,0.000488225792582444,1058202561.0
1353,18000.0,0.003192135611008897,1158703845.0
1354,20000.0,0.002662202195180985,1236885825.0
1355,22000.0,0.04886385867345261,1420000054.0
1356,24000.0,0.0002541010146416589,1518018578.0
1357,26000.0,1.2550114392695377e-06,1627280039.0
1358,28000.0,1.5240529237523504e-05,1888591585.0
1359,30000.0,3.365321780645303e-05,1901453519.0
1360,32000.0,1.360567298949178e-06,2070846858.0
1361,34000.0,0.0001235533171571035,2097102614.0
1362,36000.0,4.2219792701558845e-06,2260836279.0
1363,38000.0,0.0004179836840869733,2420693879.0
1364,40000.0,0.0004847996287321088,2533172010.0
1365,0.0,39469.93927604636,11085398.0
1366,2000.0,310.0821314161521,133536647.0
1367,4000.0,59.334673795258865,260662559.0
1368,6000.0,9.859152528306321,435305370.0
1369,8000.0,1.841816849597682,565840089.0
1370,10000.0,0.9000074388706869,715811109.0
1371,12000.0,1.8669105172404457,783170686.0
1372,14000.0,0.0220513551856709,870036830.0
1373,16000.0,1.4983308541437037,1004476541.0
1374,18000.0,64.99997463085366,1122625832.0
1375,20000.0,0.7496684014261135,1262362164.0
1376,22000.0,0.007200018659017076,1422403508.0
1377,24000.0,0.11969887011737854,1525762405.0
1378,26000.0,0.00024319790679598442,1686083945.0
1379,28000.0,0.00025078618966347223,1815156888.0
1380,30000.0,0.036635272969902107,1950036668.0
1381,32000.0,4.3664067333111235e-05,2046448818.0
1382,34000.0,1.5560398451555103e-05,2122699209.0
1383,36000.0,4.019609442138972e-05,2319867281.0
1384,38000.0,1.0044653093359557e-05,2358696446.0
1385,40000.0,2.2175035034166513e-05,2520337479.0
1386,0.0,71290.73934049644,11130493.0
1387,2000.0,289.1137542338214,134711295.0
1388,4000.0,142.06947875533123,266132596.0
1389,6000.0,38.82156907666996,385290192.0
1390,8000.0,7.118677832514064,513970029.0
1391,10000.0,3.0591673325962154,631913638.0
1392,12000.0,43.23107562808628,739126268.0
1393,14000.0,0.14057861916523315,876832317.0
1394,16000.0,0.00889995220645897,995500461.0
1395,18000.0,0.05646611905555133,1128598508.0
1396,20000.0,0.003163095947681107,1241690995.0
1397,22000.0,0.006890640514430366,1358471576.0
1398,24000.0,0.04909597004927022,1517384662.0
1399,26000.0,0.00027150522162468606,1609224628.0
1400,28000.0,0.0036484065393284125,1961591101.0
1401,30000.0,5.793506942886495e-05,1897139684.0
1402,32000.0,1.3241516965436517e-05,1968089959.0
1403,34000.0,9.705697710913342e-05,2143486276.0
1404,36000.0,2.0582946032021708e-07,2297968599.0
1405,38000.0,1.0353938368012905e-07,2478181844.0
1406,40000.0,1.3110528968240942e-07,2483380449.0
1407,0.0,41984.55558072612,10832374.0
1408,2000.0,295.6819796549838,136996932.0
1409,4000.0,92.95636745762766,253581493.0
1410,6000.0,44.15232374953792,382715029.0
1411,8000.0,15.583439698908657,505006614.0
1412,10000.0,1.4309647213777381,626961735.0
1413,12000.0,0.2604872552389773,822838894.0
1414,14000.0,0.37925905981512725,878584517.0
1415,16000.0,0.17785083312929154,995428928.0
1416,18000.0,0.7461832270965442,1111914337.0
1417,20000.0,0.005014988919340766,1248903538.0
1418,22000.0,0.0032326860598005424,1370909577.0
1419,24000.0,0.17617067485202376,1479544318.0
1420,26000.0,0.07203702886865855,1652045151.0
1421,28000.0,0.0985296358152489,1958318036.0
1422,30000.0,1.9416194655355168,1961189799.0
1423,32000.0,2.21037743203457,2071166699.0
1424,34000.0,0.7635039973117301,2194792993.0
1425,36000.0,0.011700647919618773,2319915214.0
1426,38000.0,0.00015744093209931975,2438813676.0
1427,40000.0,1.063975669941731,2561617319.0
1428,0.0,40720.363782280474,10906816.0
1429,2000.0,367.4564727264289,140322388.0
1430,4000.0,27.08049069525706,270805743.0
1431,6000.0,3.319650826880957,391845796.0
1432,8000.0,0.22782121262172444,518126342.0
1433,10000.0,0.11114154847824857,659710452.0
1434,12000.0,0.17957447558622897,798022357.0
1435,14000.0,0.021905467978617567,957477755.0
1436,16000.0,0.001670741508961342,1113427836.0
1437,18000.0,0.0009979210787016512,1414288271.0
1438,20000.0,0.0005963677300703552,1562513656.0
1439,22000.0,0.00036200373636333436,1545467717.0
1440,24000.0,3.972077800121099e-05,1668581039.0
1441,26000.0,0.0020139082713377123,1699192507.0
1442,28000.0,0.0002488023279902762,1866609254.0
1443,30000.0,0.00046722696296654933,2058989449.0
1444,32000.0,2.5629243623228604e-05,2053829377.0
1445,34000.0,6.061574204565545e-06,2243078892.0
1446,36000.0,1.199695663700595e-07,2383880067.0
1447,38000.0,6.827058439995426e-07,2585743613.0
1448,40000.0,1.0232060745352101e-08,2683873834.0
1449,0.0,41005.53052376185,11508302.0
1450,2000.0,457.40354547283795,141215072.0
1451,4000.0,106.07148754090444,265758153.0
1452,6000.0,3.5334879799007415,417631885.0
1453,8000.0,1.2821111930767954,536575437.0
1454,10000.0,1.6575620475422788,636525713.0
1455,12000.0,0.5085352594132458,771960969.0
1456,14000.0,0.6993833983603609,909772581.0
1457,16000.0,0.0005162754282491023,1029023519.0
1458,18000.0,0.0135973366412472,1118945673.0
1459,20000.0,0.2773201959379655,1280205001.0
1460,22000.0,0.03870822144899108,1442649051.0
1461,24000.0,0.007471981125665312,1685089377.0
1462,26000.0,0.010636375198638621,1841686849.0
1463,28000.0,0.04981439438131843,1864576010.0
1464,30000.0,0.00030639453596686294,1949845505.0
1465,32000.0,0.0012687871687791486,2145455261.0
1466,34000.0,0.0019969735560491485,2352414658.0
1467,36000.0,0.035883017750303614,2413411581.0
1468,38000.0,0.0003253327303954734,2611119021.0
1469,40000.0,0.00018835849910180612,2640616086.0
1470,0.0,41734.15686723442,11490629.0
1471,2000.0,206.43292742086354,138040040.0
1472,4000.0,75.6593926644857,267737653.0
1473,6000.0,2.014266347505704,384434791.0
1474,8000.0,0.5743066564318531,507054211.0
1475,10000.0,2.2623210712939272,619592915.0
1476,12000.0,0.08815813326278682,788496516.0
1477,14000.0,54.349763907470326,864656187.0
1478,16000.0,70.0191931028111,986114397.0
1479,18000.0,0.13315499749242654,1102502410.0
1480,20000.0,0.007140198416154604,1227689952.0
1481,22000.0,0.025083413221429183,1344319952.0
1482,24000.0,0.05813564258697756,1477095336.0
1483,26000.0,0.0011989986876643143,1626182541.0
1484,28000.0,0.0012816473060775736,1806182877.0
1485,30000.0,0.00043521976203674483,1844941349.0
1486,32000.0,0.0005656322409714321,1957619066.0
1487,34000.0,9.385519844954615e-05,2183937020.0
1488,36000.0,1.2734501488154138e-06,2277573997.0
1489,38000.0,0.0023202861077417226,2443018446.0
1490,40000.0,3.91903810275096e-06,2508938453.0
1491,0.0,39456.443768000274,11823373.0
1492,2000.0,273.17915735565964,138163971.0
1493,4000.0,37.95072144048613,256629436.0
1494,6000.0,4.519674012077795,376745931.0
1495,8000.0,2.1469905626991466,499520307.0
1496,10000.0,0.5008519308992079,627420765.0
1497,12000.0,0.0006229148811600282,740355964.0
1498,14000.0,0.05098296189772,860308134.0
1499,16000.0,0.0550365892639563,1014492353.0
1500,18000.0,0.005837291341984638,1108619570.0
1501,20000.0,0.0014921008484505194,1221558068.0
1502,22000.0,5.944030771829034e-05,1346441723.0
1503,24000.0,0.0023921890500515986,1492722680.0
1504,26000.0,0.0017983569782218467,1598447556.0
1505,28000.0,0.0004319731135133509,1707142911.0
1506,30000.0,1.197954816376523e-06,1842880559.0
1507,32000.0,0.0001764515986492654,1962434740.0
1508,34000.0,1.5413341643011335e-07,2085703211.0
1509,36000.0,2.909435743646327e-05,2197614123.0
1510,38000.0,1.9042841614691498e-08,2458819031.0
1511,40000.0,5.1121005526511e-07,2471991442.0
1512,0.0,39374.01224370202,10792349.0
1513,2000.0,307.4161082026651,132094514.0
1514,4000.0,60.771362920827066,262956307.0
1515,6000.0,10.204996207626085,382648589.0
1516,8000.0,0.09197098345186872,499501956.0
1517,10000.0,0.0117250446808375,624485297.0
1518,12000.0,8.455265069851828,752447090.0
1519,14000.0,0.0004100985713911465,881660663.0
1520,16000.0,0.0014691304104147073,1026457012.0
1521,18000.0,7.871372914024733e-05,1115557200.0
1522,20000.0,8.113050032646285e-05,1255018757.0
1523,22000.0,2.2404180849862064e-05,1450821491.0
1524,24000.0,8.341194859351475e-07,1549854381.0
1525,26000.0,2.690621379874969e-07,1605704180.0
1526,28000.0,8.855150059883244e-08,1711612274.0
1527,30000.0,3.1472301076362896e-09,2067981823.0
1528,32000.0,3.810936615167293e-09,2023799667.0
1529,34000.0,4.269631523889928e-09,2084662996.0
1530,36000.0,1.5118618801324148e-10,2204200533.0
1531,38000.0,1.458476983628998e-10,2354279883.0
1532,40000.0,1.3109652918785742e-10,2484697163.0
1533,0.0,38269.85388464736,10803480.0
1534,2000.0,194.9970067431549,131361224.0
1535,4000.0,17.32658761744134,259337571.0
1536,6000.0,9.253651243052529,409785350.0
1537,8000.0,1.92877458640528,564546644.0
1538,10000.0,1.1749802649298688,653397265.0
1539,12000.0,5.561282428024432,758009941.0
1540,14000.0,4.435380391951687,875447092.0
1541,16000.0,0.01935539602596755,1002240013.0
1542,18000.0,0.0858286612874278,1109850791.0
1543,20000.0,0.019805355457302623,1231310886.0
1544,22000.0,0.004922024469869779,1410463081.0
1545,24000.0,0.0017736806574106011,1687563437.0
1546,26000.0,0.013111767551001493,1685697200.0
1547,28000.0,0.0013459657420656869,1759626864.0
1548,30000.0,0.006160449504770984,1868095814.0
1549,32000.0,0.8447550068449614,2005323292.0
1550,34000.0,0.00010255115959616034,2101054792.0
1551,36000.0,3.6740431989059627e-05,2436530533.0
1552,38000.0,0.0020911304330842027,2446088806.0
1553,40000.0,1.5934569163178481e-06,2461862331.0
1554,0.0,39842.59219600893,10885132.0
1555,2000.0,179.3056348345759,132122017.0
1556,4000.0,39.666082327030914,268998881.0
1557,6000.0,5.813568441991077,393486733.0
1558,8000.0,3.460956496143331,532301479.0
1559,10000.0,0.3682572412644992,621591374.0
1560,12000.0,0.0915807749152823,768661942.0
1561,14000.0,0.05429002736573292,892011280.0
1562,16000.0,0.011404245147523496,1036873075.0
1563,18000.0,0.041550591350912255,1131120439.0
1564,20000.0,0.003109768978429228,1244685500.0
1565,22000.0,4.065059240943928,1372330543.0
1566,24000.0,0.00044331520707205916,1521792425.0
1567,26000.0,0.00012603534592220633,1755327776.0
1568,28000.0,0.0036004804785317733,1778712772.0
1569,30000.0,0.00036002455886626096,1944578478.0
1570,32000.0,1.756354663013493e-05,2125023673.0
1571,34000.0,1.1765076283958286e-05,2176809369.0
1572,36000.0,3.7194847865196223e-06,2319125339.0
1573,38000.0,1.2658233431661613e-07,2325877393.0
1574,40000.0,3.8479067661079114e-08,2579493958.0
1575,0.0,151252.07167522787,11732452.0
1576,2000.0,399.7256470573455,142900714.0
1577,4000.0,33.49736116836124,309646767.0
1578,6000.0,32.03276312672769,395690249.0
1579,8000.0,14.300228672425101,529650237.0
1580,10000.0,0.20952164145485555,628032047.0
1581,12000.0,0.161503336568708,770717247.0
1582,14000.0,0.06527218970493039,879769513.0
1583,16000.0,7.626560253645501,986373564.0
1584,18000.0,1.5184943219941625,1146732196.0
1585,20000.0,6.354579671681701,1334936077.0
1586,22000.0,1.7518334700057188,1358496282.0
1587,24000.0,0.457547846509799,1468928725.0
1588,26000.0,1.642245397510553,1589462564.0
1589,28000.0,0.36370369623701465,1715352029.0
1590,30000.0,0.4119701426669684,1910997174.0
1591,32000.0,0.05230291486348463,2006939418.0
1592,34000.0,0.06676294962033566,2105485609.0
1593,36000.0,0.21224014429651433,2219816783.0
1594,38000.0,9.460558471007749,2342366120.0
1595,40000.0,0.061964118438359035,2469505643.0
1596,0.0,40069.102151051455,10784313.0
1597,2000.0,507.1554911803706,134404494.0
1598,4000.0,163.72910015228038,261419694.0
1599,6000.0,103.13970272189768,385589902.0
1600,8000.0,12.93055066885577,497376536.0
1601,10000.0,53.335914361336826,617298023.0
1602,12000.0,0.7124005981659939,740491224.0
1603,14000.0,0.4303379908710777,860367597.0
1604,16000.0,0.7089347137125367,981353041.0
1605,18000.0,0.18948344073903078,1102131648.0
1606,20000.0,0.8442790202480615,1223520921.0
1607,22000.0,0.011537679019556608,1347758899.0
1608,24000.0,0.010230506307423495,1485854247.0
1609,26000.0,22.208764789031473,1609700726.0
1610,28000.0,0.007991350633826604,1733257768.0
1611,30000.0,0.12222821370010242,1866886279.0
1612,32000.0,0.00727539820035483,1989041797.0
1613,34000.0,0.0013007714737057641,2098375347.0
1614,36000.0,0.00018372966820055182,2214985093.0
1615,38000.0,0.000777059823087618,2338810403.0
1616,40000.0,0.00015391635031597906,2465366484.0
1617,0.0,40463.453740784076,10889382.0
1618,2000.0,299.43301446872175,132182505.0
1619,4000.0,42.71305452623844,259283081.0
1620,6000.0,14.955115957668054,377434438.0
1621,8000.0,2.9426597817329974,504652517.0
1622,10000.0,0.3251095129343351,621920504.0
1623,12000.0,0.12010739428074928,758158052.0
1624,14000.0,0.027321323725375705,872870091.0
1625,16000.0,0.0010263439536792162,996479595.0
1626,18000.0,0.00037047101411681995,1113093591.0
1627,20000.0,0.0007240174704051494,1234656509.0
1628,22000.0,0.0028100578381507367,1364625643.0
1629,24000.0,0.0002809199721519651,1479715248.0
1630,26000.0,2.4275416251988702e-05,1614790850.0
1631,28000.0,1.583996491296702e-06,1728348021.0
1632,30000.0,1.5667124413010214e-06,1853753691.0
1633,32000.0,3.319240615013541e-05,1958532788.0
1634,34000.0,1.4608065906207558e-05,2089358859.0
1635,36000.0,4.90627534599497e-08,2218126419.0
1636,38000.0,1.1016224110704797e-08,2342211699.0
1637,40000.0,4.7981000195207456e-08,2472527236.0
1638,0.0,60720.36016472042,10783253.0
1639,2000.0,306.3830060711704,132129294.0
1640,4000.0,16.765075945764387,259302287.0
1641,6000.0,1.4416271529756834,376708973.0
1642,8000.0,0.41841983783275083,507198228.0
1643,10000.0,0.037796230204633005,621958725.0
1644,12000.0,0.01986315885811468,750122317.0
1645,14000.0,0.011730309325740736,869716315.0
1646,16000.0,0.010120935218974461,990335203.0
1647,18000.0,0.0002762751343711341,1115508634.0
1648,20000.0,4.814045760587194e-06,1235299739.0
1649,22000.0,2.2609905075714787e-05,1362501193.0
1650,24000.0,3.2762772911792277e-06,1482329281.0
1651,26000.0,1.5167055909844075e-06,1600354963.0
1652,28000.0,1.915446633767026e-07,1720647397.0
1653,30000.0,6.175115315532053e-08,1852460648.0
1654,32000.0,1.7706200270729833e-08,1962780767.0
1655,34000.0,1.0617941874520308e-08,2081860060.0
1656,36000.0,6.95741661137228e-09,2220355208.0
1657,38000.0,1.0429262231603787e-10,2333433064.0
1658,40000.0,8.504685074239849e-11,2461499733.0
1659,0.0,39950.735093401774,10776349.0
1660,2000.0,217.5195543281646,131991683.0
1661,4000.0,45.33493601283456,257988562.0
1662,6000.0,12.414534217634275,380281476.0
1663,8000.0,6.445500383557824,507254745.0
1664,10000.0,1.0483949504322476,624513383.0
1665,12000.0,5.558389601654824,748895823.0
1666,14000.0,3.6074021327387555,873489752.0
1667,16000.0,0.09366643961973121,1001634927.0
1668,18000.0,0.0597490297251359,1117948813.0
1669,20000.0,0.018098295732863832,1236667871.0
1670,22000.0,2.8057802282571966,1364591657.0
1671,24000.0,0.2918598144724859,1480175425.0
1672,26000.0,0.01327079351664553,1604135315.0
1673,28000.0,0.010909636066298791,1727516883.0
1674,30000.0,0.03744525492761152,1853445403.0
1675,32000.0,0.006964611723566394,1958011902.0
1676,34000.0,0.00013932467555752837,2096178541.0
1677,36000.0,0.0023918510222780396,2223569456.0
1678,38000.0,0.007228755010194163,2336589421.0
1679,40000.0,9.751455812519794e-05,2459252720.0
1680,0.0,46075.99970408517,10808719.0
1681,2000.0,327.9325753247851,132209760.0
1682,4000.0,12.353609943346482,266699885.0
1683,6000.0,0.8097108321471667,379728047.0
1684,8000.0,2.5514841299093094,507317508.0
1685,10000.0,0.8618179977476405,625911944.0
1686,12000.0,0.1879830523804539,744453199.0
1687,14000.0,0.031025545774925736,872711393.0
1688,16000.0,0.010016998258908037,990995272.0
1689,18000.0,0.001413847175677616,1113020487.0
1690,20000.0,0.0071178992374165825,1229366408.0
1691,22000.0,0.01921024877620504,1350358807.0
1692,24000.0,8.873799845781072e-05,1484519635.0
1693,26000.0,4.300130036276606e-06,1606849644.0
1694,28000.0,1.772522816527733e-06,1723550530.0
1695,30000.0,3.631716436990562e-05,1863366738.0
1696,32000.0,3.569478018317085e-07,1971946543.0
1697,34000.0,2.109094172197956e-07,2085147305.0
1698,36000.0,4.377631586116593e-09,2228751028.0
1699,38000.0,3.749517465401198e-09,2345052227.0
1700,40000.0,3.648913708964585e-09,2465412139.0
1701,0.0,40934.80192432099,10771831.0
1702,2000.0,333.4684483628246,135008808.0
1703,4000.0,226.6187822424262,260418964.0
1704,6000.0,183.65842692009534,383981341.0
1705,8000.0,53.708679013359124,504954515.0
1706,10000.0,15.556729849572744,623192622.0
1707,12000.0,2.746718150984642,743387347.0
1708,14000.0,0.26621571381838616,858096184.0
1709,16000.0,12.414217092442506,992752747.0
1710,18000.0,1.347813687991914,1115337288.0
1711,20000.0,0.23623538003460096,1240120209.0
1712,22000.0,8.679544518055469,1363138225.0
1713,24000.0,0.3210674054202321,1489853882.0
1714,26000.0,0.6619531046747791,1612716256.0
1715,28000.0,0.009837385243973484,1728445014.0
1716,30000.0,0.5094900837718908,1852766729.0
1717,32000.0,10.839401070994377,1968124900.0
1718,34000.0,0.0012697035731679307,2097729783.0
1719,36000.0,0.004759898010602477,2192549030.0
1720,38000.0,0.006559811402579365,2354451228.0
1721,40000.0,0.001347564295152881,2463980553.0
1722,0.0,42461.924636920055,10846180.0
1723,2000.0,430.7342846354553,135969109.0
1724,4000.0,163.9503227958895,258152733.0
1725,6000.0,67.0047925165275,374830491.0
1726,8000.0,8.945696997503916,496660999.0
1727,10000.0,0.08699665478718727,614493658.0
1728,12000.0,3.8824617746044634,736788069.0
1729,14000.0,0.03578494945190666,870740683.0
1730,16000.0,0.0006213850179091551,991862188.0
1731,18000.0,0.07934805225671944,1129451275.0
1732,20000.0,4.986269974880386e-05,1273323514.0
1733,22000.0,0.007480420799089557,1395578096.0
1734,24000.0,0.00025016179942515036,1509808688.0
1735,26000.0,0.00016843339043976614,1622468153.0
1736,28000.0,9.479234601528219e-07,1770092383.0
1737,30000.0,8.149606891549866e-08,1878814896.0
1738,32000.0,1.2029116813749852e-07,1948041439.0
1739,34000.0,5.693992030586514e-07,2094784380.0
1740,36000.0,5.00449400174574e-06,2246071801.0
1741,38000.0,1.5563300692633674e-09,2365004090.0
1742,40000.0,2.7173069128139104e-10,2469348273.0
1743,0.0,40728.333382571735,10849147.0
1744,2000.0,633.8506955990573,131924451.0
1745,4000.0,15.321773710764433,257649107.0
1746,6000.0,0.5285525445866914,377993680.0
1747,8000.0,0.010555216276876748,498687736.0
1748,10000.0,0.002501824808637778,623682159.0
1749,12000.0,0.012344777185639595,741050034.0
1750,14000.0,0.18859375767535055,860545068.0
1751,16000.0,0.6973968354859466,983607858.0
1752,18000.0,0.00404964250669174,1114208170.0
1753,20000.0,0.00024198507845916596,1232655224.0
1754,22000.0,0.00018765259081560793,1369037168.0
1755,24000.0,2.7187375446935393e-06,1482454426.0
1756,26000.0,2.8951759954143343e-06,1596102297.0
1757,28000.0,2.859508384744913e-08,1726759686.0
1758,30000.0,1.8203907499287907e-05,1852357267.0
1759,32000.0,0.0003880538548601198,1971017924.0
1760,34000.0,5.442034567083809e-05,2099920102.0
1761,36000.0,1.0391969638590126e-06,2232847595.0
1762,38000.0,2.9076554497464713e-09,2342186795.0
1763,40000.0,2.165879680049443e-09,2459253371.0
1764,0.0,156447.68081251328,11007023.0
1765,2000.0,269.6430413289382,132532673.0
1766,4000.0,58.02050483757102,253866536.0
1767,6000.0,6.923370199418894,375136414.0
1768,8000.0,7.327640633840868,497729981.0
1769,10000.0,1.4633577059329068,617963756.0
1770,12000.0,1.6488316209479121,737699802.0
1771,14000.0,0.002070134208259488,900807306.0
1772,16000.0,0.17606633365032637,1037707591.0
1773,18000.0,0.0008041725045143694,1114117233.0
1774,20000.0,9.139696293397642e-05,1240200378.0
1775,22000.0,1.7636962456777926e-05,1353860337.0
1776,24000.0,1.0331143115774321e-06,1482452088.0
1777,26000.0,7.336808321353749e-07,1597363217.0
1778,28000.0,7.411065735790645e-08,1724390180.0
1779,30000.0,5.381305845986173e-08,1854852891.0
1780,32000.0,1.9919616842112297e-08,1979487965.0
1781,34000.0,7.720453687881657e-08,2101638622.0
1782,36000.0,2.6978557124412992e-09,2245816953.0
1783,38000.0,4.7784274413154026e-08,2347761347.0
1784,40000.0,3.0517138510655075e-10,2478123759.0
1785,0.0,45854.61101792155,10780416.0
1786,2000.0,235.02772149426363,131788808.0
1787,4000.0,43.41200263638904,253267204.0
1788,6000.0,2.3549571146292942,382868698.0
1789,8000.0,0.38801219716934815,505681315.0
1790,10000.0,0.09880777832933506,628153121.0
1791,12000.0,0.021192756806028293,750554820.0
1792,14000.0,0.002499929100659948,867057272.0
1793,16000.0,0.002873756143227979,987336036.0
1794,18000.0,6.996868893926588e-05,1104765809.0
1795,20000.0,0.0014732300092426343,1232213801.0
1796,22000.0,0.0008263943349966318,1361231295.0
1797,24000.0,2.1260803633182945e-06,1477401335.0
1798,26000.0,1.3877160056470217e-05,1606212103.0
1799,28000.0,5.203637023498686e-07,1732093286.0
1800,30000.0,4.240281121781209e-08,1834265319.0
1801,32000.0,8.576892742695464e-09,1966764988.0
1802,34000.0,1.8941695643093225e-08,2095110598.0
1803,36000.0,1.3881867744203192e-09,2206087256.0
1804,38000.0,3.063018816362728e-09,2339318831.0
1805,40000.0,5.054021912087592e-10,2447340902.0
1806,0.0,40863.63844701061,11384690.0
1807,2000.0,562.3210400522635,131813094.0
1808,4000.0,106.47694860299987,257146814.0
1809,6000.0,4.709081441406601,378093406.0
1810,8000.0,0.6912221881299189,502756226.0
1811,10000.0,0.069082905092327,626647921.0
1812,12000.0,0.0065700273951460894,742502984.0
1813,14000.0,0.0004970791684882814,866754047.0
1814,16000.0,0.011324045147562387,992140269.0
1815,18000.0,0.0015507133099928127,1111992626.0
1816,20000.0,6.2095798517836085e-06,1247842072.0
1817,22000.0,0.0003028731162859488,1355279572.0
1818,24000.0,0.003613255827343247,1476339107.0
1819,26000.0,7.79555406800192e-07,1608156015.0
1820,28000.0,2.4308027635200346e-09,1720387466.0
1821,30000.0,2.525890563376265e-10,1841586811.0
1822,32000.0,2.3642566127080045e-10,1969556216.0
1823,34000.0,5.768857400667571e-09,2096474248.0
1824,36000.0,8.621861802282637e-10,2223329778.0
1825,38000.0,1.2312054931129524e-10,2338084652.0
1826,40000.0,1.0137829686840405e-10,2455662947.0
1827,0.0,48420.57258654226,12304095.0
1828,2000.0,303.38307920662703,131827413.0
1829,4000.0,41.308264985644776,252859632.0
1830,6000.0,6.669432466384524,380928706.0
1831,8000.0,0.44703696697565043,504602666.0
1832,10000.0,0.09593102028016878,632167837.0
1833,12000.0,0.018598211425942472,802618335.0
1834,14000.0,0.029223494666390945,865848706.0
1835,16000.0,0.021505719292976663,994844630.0
1836,18000.0,0.0016921103300339758,1104360941.0
1837,20000.0,0.0007304705819417956,1284844680.0
1838,22000.0,5.940649387659036e-05,1400358672.0
1839,24000.0,0.0001839398710944762,1500066279.0
1840,26000.0,8.65802497906465e-06,1626502669.0
1841,28000.0,1.3678843615627655e-05,1771273392.0
1842,30000.0,7.266234302827357e-07,1917787749.0
1843,32000.0,3.2351372466585815e-05,2027841053.0
1844,34000.0,1.4009938415160405e-07,2248495132.0
1845,36000.0,8.47434233453015e-08,2196797767.0
1846,38000.0,3.342528268390765e-08,2319058115.0
1847,40000.0,4.555155102003994e-09,2510802895.0
1848,0.0,41688.55907256469,10970412.0
1849,2000.0,291.83310610621373,136692220.0
1850,4000.0,40.38260069057998,259510776.0
1851,6000.0,13.912489085019333,384042191.0
1852,8000.0,2.76589767323321,503234871.0
1853,10000.0,0.21149465169437107,630460797.0
1854,12000.0,12.298258053531686,752938157.0
1855,14000.0,3.3064196272732547,871048215.0
1856,16000.0,0.017080840662003268,1008431434.0
1857,18000.0,2.805953262759258,1137890505.0
1858,20000.0,0.04023740407797842,1233294964.0
1859,22000.0,0.0029792728891372055,1346161575.0
1860,24000.0,0.0016372537031786338,1466425232.0
1861,26000.0,0.0695054087909006,1606150814.0
1862,28000.0,0.000982681313753142,1759817314.0
1863,30000.0,8.904671501497319e-08,1898247095.0
1864,32000.0,1.0629943684361543e-05,2052967106.0
1865,34000.0,3.731959712508726e-05,2162160002.0
1866,36000.0,9.828766856565973e-05,2258646031.0
1867,38000.0,9.100265104642346e-06,2373103488.0
1868,40000.0,3.2829890357799483e-07,2548296276.0
1869,0.0,40505.54389464106,10986894.0
1870,2000.0,368.22871947235274,138153421.0
1871,4000.0,84.53183477211813,258319024.0
1872,6000.0,27.290365046077927,383202050.0
1873,8000.0,7.373078655739275,515963536.0
1874,10000.0,1.6926087445958844,639522735.0
1875,12000.0,0.013069698210422248,809946938.0
1876,14000.0,0.020397427437439775,885567045.0
1877,16000.0,1.8637624516064654e-05,1039515399.0
1878,18000.0,7.369054614364767e-05,1149714761.0
1879,20000.0,2.2289635897361216e-05,1283662349.0
1880,22000.0,2.129217840720621e-05,1366465997.0
1881,24000.0,5.340550618138096e-07,1469317742.0
1882,26000.0,1.364499075506842e-07,1659244075.0
1883,28000.0,1.8876197596107146e-08,1734826383.0
1884,30000.0,1.6772097954920183e-08,1912034453.0
1885,32000.0,1.324844900452149e-10,2022615128.0
1886,34000.0,1.5415694054610185e-10,2117179017.0
1887,36000.0,8.210439861322527e-09,2219069466.0
1888,38000.0,9.018135571636776e-11,2342397183.0
1889,40000.0,9.071384088343848e-11,2442684452.0
1890,0.0,39603.348617806216,10810623.0
1891,2000.0,256.35454844245083,132292831.0
1892,4000.0,30.198467996846503,253074065.0
1893,6000.0,5.942034070920572,393908996.0
1894,8000.0,2.063740990885262,505537205.0
1895,10000.0,0.053686878883132005,633437145.0
1896,12000.0,0.018818805274071638,755341965.0
1897,14000.0,0.009416922433899905,882960263.0
1898,16000.0,0.09732399635633947,1045981198.0
1899,18000.0,0.057121416499731265,1107573779.0
1900,20000.0,0.06196412994600711,1245651362.0
1901,22000.0,0.0032865479289211487,1364550762.0
1902,24000.0,0.5655895471986508,1499859085.0
1903,26000.0,1.0107972137838317e-05,1635262840.0
1904,28000.0,2.434399817257571e-05,1753432661.0
1905,30000.0,3.901311733404356e-05,1935292034.0
1906,32000.0,2.3980868705031354e-06,1977093061.0
1907,34000.0,9.686571971201375e-09,2157197979.0
1908,36000.0,0.00014647153637708854,2244680748.0
1909,38000.0,2.851296791739344e-07,2367858350.0
1910,40000.0,0.00023771810030183361,2492376788.0
1911,0.0,39714.62883401509,10875725.0
1912,2000.0,223.39912643275665,133485863.0
1913,4000.0,57.459120352400866,268726167.0
1914,6000.0,13.622344072469984,388107652.0
1915,8000.0,31.294355141229385,572225485.0
1916,10000.0,24.403305829054304,634846101.0
1917,12000.0,0.03719032845609888,758909731.0
1918,14000.0,0.3804092334120698,881634323.0
1919,16000.0,0.061524921445183484,999651536.0
1920,18000.0,0.009640654640680566,1124685756.0
1921,20000.0,0.002448852339929175,1231170303.0
1922,22000.0,0.003985971616401542,1348229686.0
1923,24000.0,0.00014706650311381963,1509652560.0
1924,26000.0,0.0011594892719905658,1625254350.0
1925,28000.0,3.8970265333233556e-05,1729250821.0
1926,30000.0,1.6177388244358325e-05,1858909677.0
1927,32000.0,2.5594687445078536e-05,2011658711.0
1928,34000.0,2.7330952484305725e-06,2116802092.0
1929,36000.0,4.1384699471791465e-08,2247029323.0
1930,38000.0,1.2321825764161077e-07,2355615741.0
1931,40000.0,7.625253132914622e-08,2510648062.0
1932,0.0,41731.32326799025,11486462.0
1933,2000.0,381.66975731496257,140691206.0
1934,4000.0,104.36108137954099,286657686.0
1935,6000.0,58.33430483846513,392562513.0
1936,8000.0,10.07210709318283,497495170.0
1937,10000.0,2.2084948229276637,615865053.0
1938,12000.0,0.8724113539927951,752850580.0
1939,14000.0,0.001643022248249526,881671023.0
1940,16000.0,0.07915216346010587,991513305.0
1941,18000.0,0.000638234167970726,1129096243.0
1942,20000.0,0.0004790250008950636,1259636732.0
1943,22000.0,4.234531558438448e-05,1382934738.0
1944,24000.0,0.006703473446108976,1508221656.0
1945,26000.0,0.00010375805563908713,1637809401.0
1946,28000.0,1.1320815641546743e-06,1790404022.0
1947,30000.0,8.281305745505563e-07,1905612473.0
1948,32000.0,0.00012459592570193578,2067124232.0
1949,34000.0,1.1840245286798278e-06,2262527063.0
1950,36000.0,9.003459120293656e-07,2276746392.0
1951,38000.0,1.3858434007563148e-05,2396930780.0
1952,40000.0,3.643776265960241e-07,2476253862.0
1953,0.0,75192.17462543261,10979299.0
1954,2000.0,196.51562173842262,132671700.0
1955,4000.0,13.30173536252131,254853530.0
1956,6000.0,1.5988825458121658,387311839.0
1957,8000.0,0.0960008113010975,506182729.0
1958,10000.0,0.013763602933035699,630078636.0
1959,12000.0,0.008475302552706551,756812195.0
1960,14000.0,0.0010714349548785406,877693873.0
1961,16000.0,0.00020247955485935164,999598605.0
1962,18000.0,0.0010440320504954315,1116561957.0
1963,20000.0,7.511935741888465e-07,1224530891.0
1964,22000.0,4.613404617188621e-06,1359120449.0
1965,24000.0,1.1149764070239598e-07,1474459831.0
1966,26000.0,2.7845287320360513e-09,1620553861.0
1967,28000.0,1.7215008085713635e-10,1723062388.0
1968,30000.0,6.605231561707114e-10,1850357797.0
1969,32000.0,1.1768307217607797e-10,1979526246.0
1970,34000.0,1.1947768996378728e-10,2130117606.0
1971,36000.0,8.282107444301801e-11,2290203056.0
1972,38000.0,1.159515505833042e-10,2360605992.0
1973,40000.0,9.809326684262487e-11,2457141736.0
1974,0.0,41039.87979636063,10797607.0
1975,2000.0,595.0188223114434,132524491.0
1976,4000.0,126.50882562233238,260285134.0
1977,6000.0,11.576008791663307,377544006.0
1978,8000.0,0.6850932745614452,509093108.0
1979,10000.0,0.0007740885227922511,625595607.0
1980,12000.0,0.10774951294129936,754290016.0
1981,14000.0,1.0251291657699113e-05,874639016.0
1982,16000.0,1.6903924981725993e-06,1005373390.0
1983,18000.0,1.0054026335026833e-07,1126027029.0
1984,20000.0,1.4947461496106485e-07,1242662788.0
1985,22000.0,5.178810447148407e-10,1387786728.0
1986,24000.0,2.5824508753657937e-10,1498363617.0
1987,26000.0,2.292853906737946e-10,1656248150.0
1988,28000.0,2.219110406542768e-10,1773204380.0
1989,30000.0,2.220828854149204e-10,1903374084.0
1990,32000.0,2.5777369572210774e-10,1983963275.0
1991,34000.0,2.233413276542251e-10,2246996787.0
1992,36000.0,2.2427789403423048e-10,2220796971.0
1993,38000.0,2.5965578132058907e-10,2332599922.0
1994,40000.0,2.2372359964606403e-10,2506789004.0
1995,0.0,55839.12692496591,11120344.0
1996,2000.0,559.9393013867658,133354891.0
1997,4000.0,280.00495814847784,259258935.0
1998,6000.0,140.25901859167843,397037738.0
1999,8000.0,14.204308511074736,518541603.0
2000,10000.0,0.8812420518202053,635241776.0
2001,12000.0,2.0102485290897083,751068095.0
2002,14000.0,0.06204398122212128,877995512.0
2003,16000.0,0.23008135333021523,1065909081.0
2004,18000.0,0.004708868761035546,1147631417.0
2005,20000.0,0.00024722749567430107,1259288818.0
2006,22000.0,0.008387066249883108,1456036993.0
2007,24000.0,0.005825005390068679,1666978274.0
2008,26000.0,5.5562119062543686e-05,1615571296.0
2009,28000.0,0.003385350343636511,1765587733.0
2010,30000.0,1.1008546710059714e-05,1861886602.0
2011,32000.0,0.0004995840770286035,1976931191.0
2012,34000.0,2.6906250715497128e-08,2137536626.0
2013,36000.0,1.2164848497700498e-06,2224085485.0
2014,38000.0,2.88913082381187e-07,2337873197.0
2015,40000.0,3.9953893763752803e-07,2526592969.0
2016,0.0,105153.87365300994,10874383.0
2017,2000.0,405.65161841030846,132620362.0
2018,4000.0,73.13840922465226,255360850.0
2019,6000.0,2.1051829448354837,378770295.0
2020,8000.0,0.28545752346554676,535355644.0
2021,10000.0,1.678108306124975,632201000.0
2022,12000.0,0.22973938258253596,745702615.0
2023,14000.0,0.039627459075299784,856355767.0
2024,16000.0,0.0011110796181335659,990595266.0
2025,18000.0,1.918427211798246e-05,1192614653.0
2026,20000.0,0.001450145162706491,1246468826.0
2027,22000.0,0.00017329408519184853,1361779387.0
2028,24000.0,0.011906769929801513,1478010718.0
2029,26000.0,0.00012374044792847982,1649180570.0
2030,28000.0,0.00023752846952174167,1726915149.0
2031,30000.0,1.4067573626697082e-06,1849367540.0
2032,32000.0,3.000213837367482e-08,2021381781.0
2033,34000.0,1.2470124209862376e-06,2129214166.0
2034,36000.0,3.2346063552068924e-07,2269568802.0
2035,38000.0,8.344542994365156e-08,2425429460.0
2036,40000.0,5.451237209186388e-08,2514823956.0
2037,0.0,41709.042709215406,12656374.0
2038,2000.0,197.77003677057095,150476180.0
2039,4000.0,20.410469296632378,261961325.0
2040,6000.0,3.1442196119211467,382541639.0
2041,8000.0,3.2568534382088643,506222802.0
2042,10000.0,2.8878771025250978,645829932.0
2043,12000.0,2.5558694784497535,750066980.0
2044,14000.0,0.5236022063048286,861874164.0
2045,16000.0,0.649233184374848,993888191.0
2046,18000.0,0.10761429091402322,1102475542.0
2047,20000.0,0.10308140235016575,1228630783.0
2048,22000.0,0.3708651198911656,1350550265.0
2049,24000.0,0.3413199473611998,1470343149.0
2050,26000.0,0.021350718519788443,1592867542.0
2051,28000.0,0.0021789054306534344,1711273041.0
2052,30000.0,0.00592760160289462,1831778192.0
2053,32000.0,0.3984975111555276,1975839158.0
2054,34000.0,0.041032758495255874,2084299992.0
2055,36000.0,0.0006034343396107576,2239553413.0
2056,38000.0,2.979358422590536,2391295152.0
2057,40000.0,0.05496346054626102,2472575851.0
2058,0.0,47678.15298497272,10928054.0
2059,2000.0,214.806228639863,132621407.0
2060,4000.0,90.33309548834075,257879325.0
2061,6000.0,60.582862966023676,382657651.0
2062,8000.0,42.051240676922944,569177144.0
2063,10000.0,13.24245618284683,671723565.0
2064,12000.0,0.869673839828635,766516305.0
2065,14000.0,17.72891878582685,890382604.0
2066,16000.0,0.043735303482250035,1004118422.0
2067,18000.0,0.007860146098337423,1120056342.0
2068,20000.0,0.2127982773021978,1258231975.0
2069,22000.0,0.0014770737129107658,1374547582.0
2070,24000.0,0.0020575129798838534,1498919617.0
2071,26000.0,1.994859405698435e-05,1655569126.0
2072,28000.0,0.000585817473168575,1781521872.0
2073,30000.0,6.489654722422245e-05,1842951013.0
2074,32000.0,6.793055797459147e-05,1981198451.0
2075,34000.0,3.2228542281060866e-05,2146341642.0
2076,36000.0,0.0001334189403641517,2254849045.0
2077,38000.0,4.150854834961137e-08,2369810019.0
2078,40000.0,5.309923110630166e-06,2554254618.0
2079,0.0,41135.53784494116,10960324.0
2080,2000.0,193.1400238725924,133463174.0
2081,4000.0,4.092290956577298,282568113.0
2082,6000.0,1.383010877827364,436551358.0
2083,8000.0,0.9909104746823638,514579097.0
2084,10000.0,0.28929580098542146,629846308.0
2085,12000.0,0.05882552227004589,754515747.0
2086,14000.0,0.20979678943076113,877371816.0
2087,16000.0,0.33515433218870294,1016098799.0
2088,18000.0,0.1948110480611809,1120197306.0
2089,20000.0,0.05708889984158565,1241321952.0
2090,22000.0,0.11674873626669136,1360963961.0
2091,24000.0,0.7099309025117064,1486913949.0
2092,26000.0,0.9400695999658584,1615726779.0
2093,28000.0,0.04077746919263541,1738196319.0
2094,30000.0,0.28073787770066283,1875183179.0
2095,32000.0,1.0198286641868426,2005039581.0
2096,34000.0,0.19958545999875604,2229130953.0
2097,36000.0,0.0009437606556889654,2391722576.0
2098,38000.0,2.7528209305351935e-05,2333810767.0
2099,40000.0,0.0077381729465393545,2453632179.0
